MO_ULR18_,MO_ULR18_I,CODIGO_VEN,COD_VEN,CLASE_U,DEST,DESTA,DESTAA,DESTAAA,FUENTE,PROFILE_ID,ID_REALA,ID_REALA_NUM,POINT_X,POINT_Y
9,9,315,315 VEN 1960 AN 5,,,,,,INIA,315 VEN 1960 AN 5,315,1,-65.08231467730,8.82137101466
10,10,316,316 VEN 1960 AN 6,,,,,,INIA,316 VEN 1960 AN 6,316,2,-65.04702457950,8.48036235144
11,11,317,317 VEN 1960 AN 7,,,,,,INIA,317 VEN 1960 AN 7,317,3,-65.28243449680,8.19531931554
12,12,4,4 VEN 1959 AN 3,,Ultisoles,Ustults,Paleustults,Typic Paleustults,INIA,4 VEN 1959 AN 3,4,4,-64.28098182890,8.98428443743
13,13,877,877 VEN 1987 AN 15,IV,Ultisoles,Ustults,Paleustults,Typic Paleustults,INIA,877 VEN 1987 AN 15,877,5,-64.15118413750,8.88630429722
14,14,1034,1034 VEN 1992 AN 16,III,Ultisoles,Ustults,Plinthustults,Typic Plinthustults,INIA,1034 VEN 1992 AN 16,1034,6,-64.15550698050,8.03464002369
15,15,1035,1035 VEN 1992 AN 17,IV,Oxisoles,Ustox,Haplustox,Typic Aplustox,INIA,1035 VEN 1992 AN 17,1035,7,-64.13252396450,8.02961318793
16,16,1036,1036 VEN 1992 AN 18,IV,Sin_informa,,,,INIA,1036 VEN 1992 AN 18,1036,8,-64.09445836400,8.00016729951
17,17,1037,1037 VEN 1992 AN 19,V,Ultisoles,Ustults,Kandiustults,Arenic Kandiustults,INIA,1037 VEN 1992 AN 19,1037,9,-64.01473706380,7.98221390835
18,18,1038,1038 VEN 1992 AN 20,III,Ultisoles,Ustults,Kandiustults,Typic Kandiustults,INIA,1038 VEN 1992 AN 20,1038,10,-63.96805366710,8.00088792617
19,19,1039,1039 VEN 1992 AN 21,IV,Ultisoles,Ustults,Kandiustults,Typic Kandiustults,INIA,1039 VEN 1992 AN 21,1039,11,-63.93788896410,8.00519755219
20,20,1040,1040 VEN 1992 AN 22,VI,Entisoles,Psamments,Quartzipsamments,Ustoxic Quartzipsamments,INIA,1040 VEN 1992 AN 22,1040,12,-63.88977019620,8.07270907903
24,24,869,869 VEN 1987 AP 09,III,Inceptisoles,Tropepts,Ustropepts,Typic Ustropepts,INIA,869 VEN 1987 AP 09,869,13,-69.16123016410,7.56845367808
25,25,870,870 VEN 1987 AP 10,VII,Entisoles,Psamments,Quartzipsamments,Ustoxic Quartzipsamments,INIA,870 VEN 1987 AP 10,870,14,-68.90739570770,7.87064155520
27,27,865,865 VEN 1987 AP 5,III,Inceptisoles,Aquepts,Tropaquepts,Aeric Tropaquepts,INIA,865 VEN 1987 AP 5,865,15,-67.62067149260,7.44367949796
28,28,868,868 VEN 1987 AP 8,III,Inceptisoles,Tropepts,Ustropepts,Typic Ustropepts,INIA,868 VEN 1987 AP 8,868,16,-66.91231817030,7.44388429154
29,29,904,904 VEN 1971 AP 11,IV,Inceptisoles,Tropepts,Ustropepts,Fluventic Ustropepts,INIA,904 VEN 1971 AP 11,904,17,-67.55431520670,7.84133963531
36,36,30,30 VEN 1959 AR 4,,Entisoles,Psamments,Ustipsamments,,INIA,30 VEN 1959 AR 4,30,18,-67.55551319670,10.22351602040
37,37,922,922 VEN 1988 AR 62,I,Mollisoles,Ustolls,Haplustolls,Fluventic Haplustolls,INIA,922 VEN 1988 AR 62,922,19,-67.58334307630,10.27703249490
55,55,238,238 VEN 1963 AR 28,,Inceptisoles,Tropepts,Ustropepts,Vertic Ustropepts,INIA,238 VEN 1963 AR 28,238,20,-67.57659940790,10.07374240760
60,60,800,800 VEN 1985 AR 60,II,Entisoles,Aquents,Hydraquents,Typic Hydraquents,INIA,800 VEN 1985 AR 60,800,21,-67.59559809800,10.11478514810
65,65,54,54 VEN 1960 AR 7,,Sin_informa,,,,INIA,54 VEN 1960 AR 7,54,22,-67.27917532600,10.24242926020
70,70,888,888 VEN 1987 BA 54,II,Inceptisoles,Tropepts,Ustropepts,Fluventic Ustropepts,INIA,888 VEN 1987 BA 54,888,23,-70.18382572700,8.59178532241
71,71,896,896 VEN 1987 BA 55,III,Alfisoles,Ustalfs,Haplustalfs,Typic Haplustalfs,INIA,896 VEN 1987 BA 55,896,24,-70.18554424140,8.59309954982
72,72,897,897 VEN 1987 BA 56,II,Inceptisoles,Tropepts,Ustropepts,Typic Ustropepts,INIA,897 VEN 1987 BA 56,897,25,-70.18483650670,8.59532311080
73,73,1005,1005 VEN 1991 BA 66,II,Alfisoles,Udalfs,Hapludalfs,Ultic Hapludalfs,INIA,1005 VEN 1991 BA 66,1005,26,-70.18301700990,8.59360468118
81,81,994,994 VEN 1990 BA 61,II,Inceptisoles,Tropepts,Ustropepts,Fluventic Ustropepts,INIA,994 VEN 1990 BA 61,994,27,-70.06403863420,8.42168120444
82,82,995,995 VEN 1990 BA 62,II,Inceptisoles,Tropepts,Ustropepts,Fluventic Ustropepts,INIA,995 VEN 1990 BA 62,995,28,-70.06133458670,8.41897727192
83,83,996,996 VEN 1990 BA 63,III,Inceptisoles,Aquepts,Tropaquepts,Typic Tropaquepts,INIA,996 VEN 1990 BA 63,996,29,-70.06187555190,8.41555199399
84,84,997,997 VEN 1990 BA 64,III,Inceptisoles,Tropepts,Ustropepts,Typic Ustropepts,INIA,997 VEN 1990 BA 64,997,30,-70.06061339660,8.41302790252
85,85,998,998 VEN 1990 BA 65,II,Alfisoles,Ustalfs,Haplustalfs,Typic Haplustalfs,INIA,998 VEN 1990 BA 65,998,31,-70.06187545730,8.40978327805
86,86,815,815 VEN 1985 BA 52,,Inceptisoles,Tropepts,Ustropepts,Fluventic Ustropepts,INIA,815 VEN 1985 BA 52,815,32,-69.95756199340,8.75408143054
87,87,816,816 VEN 1985 BA 53,I,Entisoles,Fluvents,Ustifluvents,Mollic Ustifluvents,INIA,816 VEN 1985 BA 53,816,33,-69.96089435780,8.75088772319
88,88,941,941 VEN 1990 BA 58,II,Inceptisoles,Tropepts,Ustropepts,Typic Ustropepts,INIA,941 VEN 1990 BA 58,941,34,-69.95506267180,8.74922141470
89,89,942,942 VEN 1990 BA 59,III,Vertisoles,Usterts,Haplusterts,Typic Haplusters,INIA,942 VEN 1990 BA 59,942,35,-69.95811716510,8.74561136539
90,90,942,942 VEN 1990 BA 60,III,Vertisoles,Usterts,Haplusterts,Typic Haplusters,INIA,942 VEN 1990 BA 60,942,36,-69.95061946480,8.74602850098
91,91,1006,1006 VEN 1991 BA 67,II,Entisoles,Fluvents,Ustifluvents,Typic Ustifluvents,INIA,1006 VEN 1991 BA 67,1006,37,-69.95270211120,8.74047430858
92,92,898,898 VEN 1987 BA 57,III,Inceptisoles,Aquepts,Tropaquepts,Aeric Tropaquepts,INIA,898 VEN 1987 BA 57,898,38,-69.83870383620,8.62803120330
93,93,699,699 VEN 1977 BA 20,III,Inceptisoles,Tropepts,Dystropepts,Ustic Dystropepts,INIA,699 VEN 1977 BA 20,699,39,-70.56795499960,8.30221403110
94,94,700,700 VEN 1977 BA 21,I,Inceptisoles,Tropepts,Humitropepts,Ustic Humitropepts,INIA,700 VEN 1977 BA 21,700,40,-70.54271700040,8.33980317650
95,95,701,701 VEN 1977 BA 22,,Ultisoles,Aquults,Umbraquults,Typic Umbraquults,INIA,701 VEN 1977 BA 22,701,41,-70.53680999460,8.33228576449
96,96,1041,1041 VEN 1985 BA 51,,Sin_informa,,,,INIA,1041 VEN 1985 BA 51,1041,42,-70.49223921290,8.31725071753
97,97,21,21 VEN 1959 BA 1,,Alfisoles,,,,INIA,21 VEN 1959 BA 1,21,43,-70.29669953980,8.58050730065
101,101,312,312 VEN 1960 BO 18,,Sin_informa,,,,INIA,312 VEN 1960 BO 18,312,44,-65.05208276510,7.22279970204
102,102,313,313 VEN 1960 BO 19,,Oxisoles,Udox,Hapludox,,INIA,313 VEN 1960 BO 19,313,45,-65.03498022190,7.20995482848
103,103,311,311 VEN 1960 BO 17,,Sin_informa,,,,INIA,311 VEN 1960 BO 17,311,46,-64.73578693850,7.43865925098
104,104,306,306 VEN 1959 BO 12,,Sin_informa,,,,INIA,306 VEN 1959 BO 12,306,47,-63.38771718860,7.33635127586
105,105,302,302 VEN 1959 BO 08,,Oxisoles,Ustox,Haplustox,,INIA,302 VEN 1959 BO 08,302,48,-63.21248471990,7.14409143472
106,106,303,303 VEN 1959 BO 09,,Oxisoles,Ustox,Haplustox,,INIA,303 VEN 1959 BO 09,303,49,-63.19788196210,7.12462190061
107,107,300,300 VEN 1959 BO 6,,Sin_informa,,,,INIA,300 VEN 1959 BO 6,300,50,-63.30604116550,6.83204558115
108,108,301,301 VEN 1959 BO 07,,Oxisoles,Ustox,Haplustox,,INIA,301 VEN 1959 BO 07,301,51,-63.29907974740,6.83761483022
109,109,40,40 VEN 1959 BO 1,,Oxisoles,Udox,Hapludox,Typic Hapludox,INIA,40 VEN 1959 BO 1,40,52,-62.92944644540,8.10259446622
110,110,41,41 VEN 1959 BO 2,,,,,,INIA,41 VEN 1959 BO 2,41,53,-62.39937508810,7.94197929370
111,111,42,42 VEN 1959 BO 3,,Ultisoles,,,,INIA,42 VEN 1959 BO 3,42,54,-62.06206080460,8.01694382836
112,112,43,43 VEN 1959 BO 4,,Ultisoles,,,,INIA,43 VEN 1959 BO 4,43,55,-61.91035641990,7.94734218405
113,113,304,304 VEN 1959 BO 10,,Oxisoles,Ustox,Haplustox,,INIA,304 VEN 1959 BO 10,304,56,-61.88357733700,7.52257938839
114,114,308,308 VEN 1959 BO 14,,Sin_informa,,,,INIA,308 VEN 1959 BO 14,308,57,-61.80147612640,7.37623425294
115,115,310,310 VEN 1960 BO 16,,Sin_informa,,,,INIA,310 VEN 1960 BO 16,310,58,-61.53733007040,7.14957963825
116,116,305,305 VEN 1959 BO 11,,Oxisoles,Udox,Hapludox,,INIA,305 VEN 1959 BO 11,305,59,-61.64440747170,6.76050928084
117,117,309,309 VEN 1960 BO 15,,Sin_informa,,,,INIA,309 VEN 1960 BO 15,309,60,-61.41059942230,6.40000072133
123,123,6,6 VEN 1959 CA 1,,Oxisoles,,,,INIA,6 VEN 1959 CA 1,6,61,-68.05228471250,10.12599363790
138,138,927,927 VEN 1988 CA 34,IV,Ultisoles,Ustults,Paleustults,Typic Paleustults,INIA,927 VEN 1988 CA 34,927,62,-68.39438399130,10.14231187930
151,151,8,8 VEN 1959 CO 1,,Ultisoles,Ustults,,,INIA,8 VEN 1959 CO 1,8,63,-68.25088644950,9.46871987911
183,183,16,16 VEN 1959 GU 9,,,,,,INIA,16 VEN 1959 GU 9,16,64,-67.42332621940,8.93052740538
187,187,365,365 VEN 1964 GU 33,IV,,,,,INIA,365 VEN 1964 GU 33,365,65,-67.43534903350,8.91544301312
188,188,363,363 VEN 1964  GU 31,IV,Alfisoles,Ustalfs,Haplustalfs,Udic Haplustalfs,INIA,363 VEN 1964  GU 31,363,66,-67.54934494220,8.86011954435
189,189,364,364 VEN 1964 GU 32,IV,Vertisoles,Usterts,Haplusterts,Entic Haplusterts,INIA,364 VEN 1964 GU 32,364,67,-67.54096274670,8.85475526521
190,190,873,873 VEN 1987 GU 36,IV,Alfisoles,Aqualfs,Endoaqualfs,Typic Endoaqualfs,INIA,873 VEN 1987 GU 36,873,68,-67.53760868590,8.77294709293
191,191,12,12 VEN 1959 GU 5,II,Alfisoles,Udalfs,Rhodudalfs,Typic Rhodudalfs,INIA,12 VEN 1959 GU 5,12,69,-67.53727330040,8.76624110068
192,192,9,9 VEN 1959 GU 2,III,Alfisoles,Aqualfs,Endoaqualfs,Typic Endoaqualfs,INIA,9 VEN 1959 GU 2,9,70,-67.38974866210,8.80413023593
193,193,11,11 VEN 1959 GU 4,,,,,,INIA,11 VEN 1959 GU 4,11,71,-67.32336274670,8.83229497819
195,195,23,23 VEN 1959 GU 11,IV,Ultisoles,Ustults,Plinthustults,Typic Plinthustults,INIA,23 VEN 1959 GU 11,23,72,-67.31565133290,8.84201815812
197,197,10,10 VEN 1959 GU 3,III,Oxisoles,,,,INIA,10 VEN 1959 GU 3,10,73,-67.25261753110,8.82223770338
199,199,874,874 VEN 1987 GU 37,VI,Vertisoles,Usterts,Haplusterts,Entic Haplusterts,INIA,874 VEN 1987 GU 37,874,74,-67.58178791810,8.50049241817
200,200,25,25 VEN 1959 GU 13,VI,Entisoles,Psamments,Quartzipsamments,Ustoxic Quartzipsamments,INIA,25 VEN 1959 GU 13,25,75,-67.60736728140,8.44421614554
201,201,871,871 VEN 1987 GU 34,IV,Vertisoles,Usterts,Haplusterts,Typic Haplusters,INIA,871 VEN 1987 GU 34,871,76,-66.41902026220,9.08796534168
202,202,872,872 VEN 1987 GU 35,VI,Alfisoles,Ustalfs,Natrustalfs,Typic Natrustalfs,INIA,872 VEN 1987 GU 35,872,77,-66.26867610420,9.32060335143
204,204,928,928 VEN 1969 GU 42,,Sin_informa,,,,INIA,928 VEN 1969 GU 42,928,78,-67.43424472850,9.42402786786
205,205,929,929 VEN 1969 GU 43,III,Alfisoles,Ustalfs,Haplustalfs,Lithic Haplustalfs,INIA,929 VEN 1969 GU 43,929,79,-67.42329189370,9.41556494124
206,206,930,930 VEN 1969 GU 44,VI,Alfisoles,Ustalfs,Plinthustalfs,Typic Plinthustalfs,INIA,930 VEN 1969 GU 44,930,80,-67.41221490330,9.42751325190
223,223,878,878 VEN 1978 ME 6,III,Aridisoles,Argids,Paleargids,,INIA,878 VEN 1978 ME 6,878,81,-71.35764724370,8.48353596687
224,224,879,879 VEN 1978 ME 7,VII,Aridisoles,Cambids,Haplocambids,Typic Haplocambids,INIA,879 VEN 1978 ME 7,879,82,-71.38188905480,8.49122234024
225,225,880,880 VEN 1978 ME 8,VI,Aridisoles,Argids,Natrargids,,INIA,880 VEN 1978 ME 8,880,83,-71.35173450940,8.48057951624
226,226,881,881 VEN 1978 ME 9,IV,Aridisoles,Cambids,Haplocambids,Typic Haplocambids,INIA,881 VEN 1978 ME 9,881,84,-71.36947237190,8.47230182764
227,227,882,882 VEN 1978 ME 10,IV,Aridisoles,Argids,Haplargids,Typic Haplargids,INIA,882 VEN 1978 ME 10,882,85,-71.34079610830,8.48590114309
228,228,883,883 VEN 1978 ME 11,IV,Aridisoles,Cambids,Haplocambids,Typic Haplocambids,INIA,883 VEN 1978 ME 11,883,86,-71.35173472320,8.50600415184
229,229,884,884 VEN 1982 ME 12,VI,Entisoles,Orthents,Ustorthents,Typic Ustorthents,INIA,884 VEN 1982 ME 12,884,87,-71.27516598150,8.52995079127
230,230,885,885 VEN 1982 ME 13,VII,Entisoles,Orthents,Ustorthents,Typic Ustorthents,INIA,885 VEN 1982 ME 13,885,88,-71.26984482900,8.53320290657
231,231,891,891 VEN 1988 ME 16,VI,Inceptisoles,Tropepts,Humitropepts,Typic Humitropepts,INIA,891 VEN 1988 ME 16,891,89,-71.35350943240,8.59705772946
232,232,892,892 VEN 1988 ME 15,VII,Inceptisoles,Tropepts,Humitropepts,Oxic Humitropepts,INIA,892 VEN 1988 ME 15,892,90,-71.35439644400,8.60178803699
233,233,893,893 VEN 1988 ME 17,VII,Inceptisoles,Tropepts,Dystropepts,Vertic Dystropepts,INIA,893 VEN 1988 ME 17,893,91,-71.35794413750,8.60622228863
234,234,894,894 VEN 1988 ME 18,VI,Ultisoles,Humults,Haplohumults,Typic Haplohumults,INIA,894 VEN 1988 ME 18,894,92,-71.36474386450,8.60829155410
235,235,908,908 VEN 1978 ME 21,VI,Ultisoles,Udults,Rhodudults,Typic Rhodudults,INIA,908 VEN 1978 ME 21,908,93,-70.93312161730,8.75108583472
236,236,909,909 VEN 1978 ME 22,VII,Ultisoles,Humults,Haplohumults,Typic Haplohumults,INIA,909 VEN 1978 ME 22,909,94,-70.93607801750,8.75522470659
237,237,910,910 VEN 1978 ME 23,VI,Sin_informa,,,,INIA,910 VEN 1978 ME 23,910,95,-70.93548689000,8.76113741546
238,238,911,911 VEN 1978 ME 24,V,Ultisoles,Udults,Hapludults,Typic Hapludults,INIA,911 VEN 1978 ME 24,911,96,-70.93223482190,8.76704997542
239,239,912,912 VEN 1978 ME 25,V,Sin_informa,,,,INIA,912 VEN 1978 ME 25,912,97,-70.92484402380,8.77030169322
240,240,976,976 VEN 1989 ME 28,VII,Ultisoles,Humults,,,INIA,976 VEN 1989 ME 28,976,98,-70.88434217130,8.76025099539
241,241,977,977 VEN 1989 ME 29,VII,Inceptisoles,Tropepts,Humitropepts,Oxic Humitropepts,INIA,977 VEN 1989 ME 29,977,99,-70.87281272370,8.76675513507
242,242,974,974 VEN 1989 ME 26,VII,Sin_informa,,,,INIA,974 VEN 1989 ME 26,974,100,-71.47116646840,8.14976883965
243,243,975,975 VEN 1989 ME 27,VII,Ultisoles,Humults,,,INIA,975 VEN 1989 ME 27,975,101,-71.47205341310,8.15686433659
244,244,978,978 VEN 1989 ME 30,VI,Ultisoles,Humults,,,INIA,978 VEN 1989 ME 30,978,102,-71.44308596300,8.55803357501
245,245,979,979 VEN 1989 ME 31,VI,Ultisoles,Humults,,,INIA,979 VEN 1989 ME 31,979,103,-71.43628620140,8.55951195070
246,246,20,20 VEN 1959 ME 1,,Spodosoles,Orthods,Haplorthods,Typic Haplorthods,INIA,20 VEN 1959 ME 1,20,104,-70.84325023940,8.83475022685
250,250,889,889 VEN 1988 ME 14,VI,Ultisoles,Humults,Haplohumults,Typic Haplohumults,INIA,889 VEN 1988 ME 14,889,105,-71.39003026550,8.64438268706
251,251,890,890 VEN 1988 ME 15,VI,Entisoles,Orthents,Troporthents,Typic Troporthents,INIA,890 VEN 1988 ME 15,890,106,-71.36550475370,8.62868696263
252,252,895,895 VEN 1988 ME 20,VII,Spodosoles,Orthods,Haplorthods,,INIA,895 VEN 1988 ME 20,895,107,-71.37040966330,8.60097334264
270,270,247,247  VEN 1963  MI 30,,,,,,INIA,247  VEN 1963  MI 30,247,108,-66.17142613480,10.40379427920
271,271,963,963  VEN 1988  MI 43,VI,Ultisoles,Ustults,Haplustults,Plinthic Haplustults,INIA,963  VEN 1988  MI 43,963,109,-66.35103163010,10.33535676330
272,272,962,962 VEN 1988  MI 42,III,Inceptisoles,Aquepts,Halaquepts,Aeric Halaquepts,INIA,962 VEN 1988  MI 42,962,110,-66.34675430560,10.34153548340
283,283,961,961 VEN 1988 MI 41,VI,Alfisoles,Ustalfs,Haplustalfs,Lithic Haplustalfs,INIA,961 VEN 1988 MI 41,961,111,-65.80208928610,10.21132111470
296,296,988,988 VEN 1989 MO 28,VI,Inceptisoles,Tropepts,Dystropepts,Lithic Dystropepts,INIA,988 VEN 1989 MO 28,988,112,-63.25438759360,9.60006385209
297,297,990,990 VEN 1989 MO 30,III,Oxisoles,Ustox,Haplustox,Plinthic Haplustox,INIA,990 VEN 1989 MO 30,990,113,-63.25677191440,9.59661918415
298,298,985,985 VEN 1989 MO 25,IV,Inceptisoles,Tropepts,Dystropepts,Typic Dystropepts,INIA,985 VEN 1989 MO 25,985,114,-62.86368823320,9.70893836961
299,299,986,986 VEN 1989 MO 26,VI,Inceptisoles,Aquepts,Tropaquepts,Aeric Tropaquepts,INIA,986 VEN 1989 MO 26,986,115,-62.85969982060,9.70787538438
300,300,2,2 VEN 1959 MO 1,IV,Ultisoles,Ustults,Haplustults,Arenic Haplustults,INIA,2 VEN 1959 MO 1,2,116,-63.08523731100,9.53680592083
302,302,934,934 VEN 1934 MO 16,III,Ultisoles,Ustults,Paleustults,Typic Paleustults,INIA,934 VEN 1934 MO 16,934,117,-62.78648632970,8.63722570481
303,303,932,932 VEN 1973 MO 14,III,Oxisoles,Ustox,Haplustox,Typic Aplustox,INIA,932 VEN 1973 MO 14,932,118,-62.78853109400,8.64008797113
304,304,931,931 VEN 1973 MO 13,,Sin_informa,,,,INIA,931 VEN 1973 MO 13,931,119,-62.79139367480,8.64254175976
305,305,933,933 VEN 1973 MO 15,IV,Entisoles,Psamments,Quartzipsamments,Ustoxic Quartzipsamments,INIA,933 VEN 1973 MO 15,933,120,-62.79384734620,8.64131466696
306,306,935,935 VEN 1974 MO 17,V,Ultisoles,Aquults,Albaquults,Typic Albaquults,INIA,935 VEN 1974 MO 17,935,121,-62.79630113150,8.63967887190
308,308,936,936 VEN 1987 MO 18,III,Ultisoles,Ustults,Paleustults,Typic Paleustults,INIA,936 VEN 1987 MO 18,936,122,-63.61850308950,9.59016995810
309,309,937,937 VEN 1987 MO 19,IV,Inceptisoles,Tropepts,Dystropepts,Typic Dystropepts,INIA,937 VEN 1987 MO 19,937,123,-63.61534231030,9.59558835004
310,310,938,938 VEN 1987 MO 20,III,Inceptisoles,Tropepts,Dystropepts,Ustoxic Dystropepts,INIA,938 VEN 1987 MO 20,938,124,-63.60856937310,9.59513681363
311,311,940,940 VEN 1987 MO 22,III,Inceptisoles,Tropepts,Dystropepts,Ustoxic Dystropepts,INIA,940 VEN 1987 MO 22,940,125,-63.59728110410,9.59965253924
314,314,965,965 VEN 1988 MO 23,IV,Inceptisoles,Tropepts,Dystropepts,Vertic Dystropepts,INIA,965 VEN 1988 MO 23,965,126,-63.53459851130,10.20857459470
315,315,966,966 VEN 1988 MO 24,VII,Entisoles,Orthents,Troporthents,Lithic Troporthents,INIA,966 VEN 1988 MO 24,966,127,-63.50972824220,10.15739581310
316,316,987,987 VEN 1989 MO 27,VI,Entisoles,Psamments,Ustipsamments,Typic Ustipsamments,INIA,987 VEN 1989 MO 27,987,128,-63.71931894750,9.41741127091
329,329,863,863 VEN 1986 PO 223,III,Ultisoles,Ustults,Haplustults,Typic Haplustults,INIA,863 VEN 1986 PO 223,863,129,-69.78800413500,8.79615840971
334,334,179,179 VEN 1962 PO 49,,Sin_informa,,,,INIA,179 VEN 1962 PO 49,179,130,-69.68658940640,8.77349718527
337,337,521,521 VEN 1967 PO 75,III,Ultisoles,Ustults,Haplustults,Typic Haplustults,INIA,521 VEN 1967 PO 75,521,131,-69.84230383500,8.98320225644
343,343,650,650 VEN 1973 PO 143,II,Inceptisoles,Tropepts,Ustropepts,Fluventic Ustropepts,INIA,650 VEN 1973 PO 143,650,132,-69.71981041260,8.98837951151
344,344,186,186 VEN 1962 PO 55,,Sin_informa,,,,INIA,186 VEN 1962 PO 55,186,133,-69.72268553800,8.96192551991
346,346,641,641 VEN 1973 PO 134,I,Inceptisoles,Tropepts,Ustropepts,Aquic Ustropepts,INIA,641 VEN 1973 PO 134,641,134,-69.63527211510,8.95790096588
347,347,822,822 VEN 1986 PO 207,III,Inceptisoles,Aquepts,Tropaquepts,Aeric Tropaquepts,INIA,822 VEN 1986 PO 207,822,135,-69.66747758940,9.00103163153
348,348,513,513 VEN 1970 PO 108,VI,Alfisoles,Ustalfs,Haplustalfs,Typic Haplustalfs,INIA,513 VEN 1970 PO 108,513,136,-69.66345338550,9.10109613845
349,349,537,537 VEN 1967 PO 91,,Mollisoles,Ustolls,Haplustolls,Fluventic Haplustolls,INIA,537 VEN 1967 PO 91,537,137,-69.71693674980,9.12639924945
350,350,615,615 VEN 1970 PO 110,III,Entisoles,Aquents,Endoaquents,,INIA,615 VEN 1970 PO 110,615,138,-69.58294162210,9.13560223131
351,351,612,612 VEN 1970 PO 107,IV,Inceptisoles,Aquepts,Tropaquepts,Vertic Tropaquepts,INIA,612 VEN 1970 PO 107,612,139,-69.54477734480,9.20224864991
352,352,616,616 VEN 1970 PO 111,III,Mollisoles,Ustolls,Haplustolls,Fluventic Haplustolls,INIA,616 VEN 1970 PO 111,616,140,-69.53212932740,9.21415292242
353,353,613,613 VEN 1970 PO 118,IV,Inceptisoles,Aquepts,Tropaquepts,Vertic Tropaquepts,INIA,613 VEN 1970 PO 118,613,141,-69.54180181520,9.23672055924
354,354,623,623 VEN 1970 PO 118,II,Entisoles,Orthents,Ustorthents,Typic Ustorthents,INIA,623 VEN 1970 PO 118,623,142,-69.52369748570,9.23895275064
355,355,639,639 VEN 1973 PO 132,II,Entisoles,Psamments,Udipsamments,Typic Udipsamments,INIA,639 VEN 1973 PO 132,639,143,-69.66560032150,8.91502045033
356,356,647,647 VEN 1973 PO 140,II,Inceptisoles,Tropepts,Ustropepts,Fluventic Ustropepts,INIA,647 VEN 1973 PO 140,647,144,-69.66618170810,8.85855742535
357,357,182,182 VEN 1962 PO 51,IV,Alfisoles,Aqualfs,Endoaqualfs,Typic Endoaqualfs,INIA,182 VEN 1962 PO 51,182,145,-69.63229670350,8.85291897975
358,358,183,183 VEN 1962 PO 52,,Sin_informa,,,,INIA,183 VEN 1962 PO 52,183,146,-69.62897254720,8.85202072928
359,359,184,184 VEN 1962 PO 53,VI,Entisoles,Aquents,Endoaquents,Typic Endoaquents,INIA,184 VEN 1962 PO 53,184,147,-69.62726544070,8.84923596221
360,360,645,645 VEN 1973 PO 138,I,Inceptisoles,Tropepts,Ustropepts,Fluventic Ustropepts,INIA,645 VEN 1973 PO 138,645,148,-69.62430061520,8.84555217216
361,361,642,642 VEN 1973 PO 135,I,Inceptisoles,Tropepts,Ustropepts,Aquic Ustropepts,INIA,642 VEN 1973 PO 135,642,149,-69.53216656910,8.84880808319
363,363,637,637 VEN 1973 PO 130,II,Entisoles,Psamments,Udipsamments,Typic Udipsamments,INIA,637 VEN 1973 PO 130,637,150,-69.56913710720,8.73420835899
364,364,638,638 VEN 1973 PO 131,III,Entisoles,Psamments,Udipsamments,Typic Udipsamments,INIA,638 VEN 1973 PO 131,638,151,-69.56846357440,8.73070621114
365,365,875,875 VEN 1987 PO 225,II,Entisoles,Psamments,Udipsamments,Typic Udipsamments,INIA,875 VEN 1987 PO 225,875,152,-69.56765535230,8.72774268616
367,367,185,185 VEN 1962 PO 54,III,Inceptisoles,Tropepts,Ustropepts,Fluventic Ustropepts,INIA,185 VEN 1962 PO 54,185,153,-69.44332187250,8.79657872317
368,368,648,648 VEN 1973 PO 141,,Inceptisoles,Tropepts,Ustropepts,Fluventic Ustropepts,INIA,648 VEN 1973 PO 141,648,154,-69.44412998500,8.78890038743
369,369,649,649 VEN 1973 PO 142,II,Inceptisoles,Tropepts,Ustropepts,Fluventic Ustropepts,INIA,649 VEN 1973 PO 142,649,155,-69.44143575030,8.78337746471
370,370,657,657 VEN 1972 PO 150,VI,Entisoles,Aquents,Endoaquents,Typic Endoaquents,INIA,657 VEN 1972 PO 150,657,156,-69.43685568530,8.78068370005
371,371,653,653 VEN 1973 PO 146,IV,Inceptisoles,Aquepts,Tropaquepts,Typic Tropaquepts,INIA,653 VEN 1973 PO 146,653,157,-69.38108785790,8.84035896015
372,372,536,536 VEN 1967 PO 90,,Mollisoles,Ustolls,Haplustolls,Fluventic Haplustolls,INIA,536 VEN 1967 PO 90,536,158,-69.23789560150,8.91404452955
373,373,856,856 VEN 1970 PO 219,VI,Entisoles,Aquents,Endoaquents,Typic Endoaquents,INIA,856 VEN 1970 PO 219,856,159,-69.18089344810,8.67718280295
374,374,851,851 VEN 1970 PO 214,II,Inceptisoles,Tropepts,Ustropepts,Fluventic Ustropepts,INIA,851 VEN 1970 PO 214,851,160,-69.04093231340,8.69959667330
375,375,850,850 VEN 1970 PO 213,III,Entisoles,Psamments,Udipsamments,Typic Udipsamments,INIA,850 VEN 1970 PO 213,850,161,-69.01943490080,8.68587546724
376,376,848,848 VEN 1970 PO 211,IV,Inceptisoles,Tropepts,Ustropepts,Vertic Ustropepts,INIA,848 VEN 1970 PO 211,848,162,-68.99382094290,8.68084449765
377,377,853,853 VEN 1970 PO 216,IV,Alfisoles,Aqualfs,Endoaqualfs,Typic Endoaqualfs,INIA,853 VEN 1970 PO 216,853,163,-69.00022419530,8.66940960591
378,378,852,852 VEN 1970 PO 215,II,Inceptisoles,Tropepts,Ustropepts,Fluventic Ustropepts,INIA,852 VEN 1970 PO 215,852,164,-69.07523551550,8.62412755442
379,379,614,614 VEN 1970 PO 109,III,Alfisoles,Aqualfs,Endoaqualfs,,INIA,614 VEN 1970 PO 109,614,165,-69.47419494990,9.20559512850
380,380,611,611 VEN 1970 PO 106,IV,Inceptisoles,Aquepts,Tropaquepts,Vertic Tropaquepts,INIA,611 VEN 1970 PO 106,611,166,-69.46556012170,9.21367916223
381,381,917,917 VEN 1988 PO 230,II,Inceptisoles,Tropepts,Ustropepts,Typic Ustropepts,INIA,917 VEN 1988 PO 230,917,167,-69.45784383570,9.20577916694
382,382,617,617 VEN 1970 PO 112,III,Entisoles,Fluvents,Udifluvents,Typic Udifluvents,INIA,617 VEN 1970 PO 112,617,168,-69.42528428040,9.19801139244
383,383,618,618 VEN 1970 PO 113,IV,Alfisoles,Aqualfs,Endoaqualfs,Typic Endoaqualfs,INIA,618 VEN 1970 PO 113,618,169,-69.39949300400,9.16661463167
384,384,619,619 VEN 1970 PO 114,IV,Inceptisoles,Aquepts,Tropaquepts,Vertic Tropaquepts,INIA,619 VEN 1970 PO 114,619,170,-69.31959676350,9.12036111907
385,385,601,601 VEN 1970 PO 96,III,Ultisoles,Ustults,Haplustults,Typic Haplustults,INIA,601 VEN 1970 PO 96,601,171,-69.41771580940,9.23459497756
386,386,603,603 VEN 1970 PO 98,IV,Inceptisoles,Ochrepts,Dystrochrepts,Typic Dystrochepts,INIA,603 VEN 1970 PO 98,603,172,-69.37636710850,9.29767055996
387,387,606,606 VEN 1970 PO 101,III,Alfisoles,Ustalfs,Haplustalfs,Aquic Haplustalfs,INIA,606 VEN 1970 PO 101,606,173,-69.38197384860,9.30187570436
388,388,622,622 VEN 1970 PO 117,IV,Entisoles,Fluvents,Ustifluvents,Aquic Ustifluvents,INIA,622 VEN 1970 PO 117,622,174,-69.47238242660,9.32990788700
389,389,602,602 VEN 1970 PO 97,III,Ultisoles,Ustults,Haplustults,Typic Haplustults,INIA,602 VEN 1970 PO 97,602,175,-69.47448519480,9.34532575623
390,390,604,604 VEN 1970 PO 99,III,Alfisoles,Aqualfs,Endoaqualfs,Typic Endoaqualfs,INIA,604 VEN 1970 PO 99,604,176,-69.43804141930,9.32920754587
391,391,630,630 VEN 1973 PO 125,III,Alfisoles,Ustalfs,Haplustalfs,Vertic Haplustalfs,INIA,630 VEN 1973 PO 125,630,177,-69.37496623690,9.35093409847
392,392,632,632 VEN 1973 PO 125,IV,Vertisoles,Usterts,Haplusterts,Udic Haplusterts,INIA,632 VEN 1973 PO 125,632,178,-69.36795773040,9.34813070199
393,393,605,605 VEN 1970 PO 100,IV,Alfisoles,Ustalfs,Haplustalfs,Udic Haplustalfs,INIA,605 VEN 1970 PO 100,605,179,-69.38477831220,9.37686487891
394,394,609,609 VEN 1970 PO 104,V,Entisoles,Fluvents,Ustifluvents,Typic Ustifluvents,INIA,609 VEN 1970 PO 104,609,180,-69.36936001260,9.39088165987
395,395,116,116 VEN 1961 PO 33,II,Inceptisoles,Tropepts,Ustropepts,Fluventic Ustropepts,INIA,116 VEN 1961 PO 33,116,181,-69.37426609970,9.39929139142
396,396,608,608 VEN 1970 PO 103,III,Mollisoles,Ustolls,Calciustolls,Vertic Calciustolls,INIA,608 VEN 1970 PO 103,608,182,-69.36360413930,9.42396657172
398,398,820,820 VEN 1985 PO 205,IV,Alfisoles,Ustalfs,Haplustalfs,Ultic Haplustalfs,INIA,820 VEN 1985 PO 205,820,183,-69.37004831700,9.42813666384
399,399,992,992  VEN 1990 PO 233,III,Inceptisoles,Tropepts,Ustropepts,Vertic Ustropepts,INIA,992  VEN 1990 PO 233,992,184,-69.24125229830,9.40654490739
400,400,991,991 VEN 1990 PO 232,III,Entisoles,Psamments,Ustipsamments,,INIA,991 VEN 1990 PO 232,991,185,-69.26617165090,9.33264354515
401,401,817,817 VEN 1985 PO 202,II,Inceptisoles,Tropepts,Ustropepts,Fluventic Ustropepts,INIA,817 VEN 1985 PO 202,817,186,-69.25671892320,9.32319096461
402,402,819,819 VEN 1985 PO 204,IV,Inceptisoles,Tropepts,Dystropepts,Typic Dystropepts,INIA,819 VEN 1985 PO 204,819,187,-69.24125405260,9.53458337159
403,403,821,821 VEN 1986 PO 206,II,Inceptisoles,Tropepts,Dystropepts,Vertic Dystropepts,INIA,821 VEN 1986 PO 206,821,188,-69.21203764980,9.57067459785
406,406,993,993 VEN 1990 PO 234,IV,Inceptisoles,Aquepts,Tropaquepts,Vertic Tropaquepts,INIA,993 VEN 1990 PO 234,993,189,-69.18453989230,9.61793757872
407,407,682,682 VEN 1975 PO 167,,Inceptisoles,Tropepts,Ustropepts,Fluventic Ustropepts,INIA,682 VEN 1975 PO 167,682,190,-69.18427125860,9.66679394810
408,408,683,683 VEN 1975 PO 168,,Mollisoles,Ustolls,Argiustolls,Aquic Argiustolls,INIA,683 VEN 1975 PO 168,683,191,-69.18286490880,9.66960652478
409,409,686,686 VEN 1975 PO 171,II,Entisoles,Aquents,Fluvaquents,Mollic Fluvaquents,INIA,686 VEN 1975 PO 171,686,192,-69.18005221190,9.66784813545
410,410,688,688 VEN 1975 PO 173,,Mollisoles,Ustolls,Haplustolls,Aquic Haplustolls,INIA,688 VEN 1975 PO 173,688,193,-69.17653636700,9.67048578861
411,411,689,689 VEN 1975 PO 174,V,Entisoles,Fluvents,Ustifluvents,Typic Ustifluvents,INIA,689 VEN 1975 PO 174,689,194,-69.17565737060,9.66696916248
412,412,679,679 VEN 1975 PO 165,III,Mollisoles,Ustolls,Haplustolls,Fluventic Haplustolls,INIA,679 VEN 1975 PO 165,679,195,-69.17284472550,9.66679428902
413,413,846,846 VEN 1986 PO 209,IV,Inceptisoles,Aquepts,Tropaquepts,Aeric Tropaquepts,INIA,846 VEN 1986 PO 209,846,196,-69.10693173170,9.64044572967
414,414,847,847 VEN 1986 PO 210,IV,Inceptisoles,Aquepts,Tropaquepts,Vertic Tropaquepts,INIA,847 VEN 1986 PO 210,847,197,-69.10314182760,9.64322500409
416,416,916,916 VEN 1988 PO 229,II,Mollisoles,Ustolls,Haplustolls,Typic Haplustolls,INIA,916 VEN 1988 PO 229,916,198,-69.03694463160,9.59850544896
419,419,862,862 VEN 1986 PO 222,III,Inceptisoles,Aquepts,Tropaquepts,Vertic Tropaquepts,INIA,862 VEN 1986 PO 222,862,199,-69.08876993210,9.50424839159
420,420,876,876 VEN 1987 PO 226,,Sin_informa,,,,INIA,876 VEN 1987 PO 226,876,200,-69.09666524960,9.49358996562
422,422,972,972 VEN 1989 PO 231,III,Inceptisoles,Tropepts,Ustropepts,Typic Ustropepts,INIA,972 VEN 1989 PO 231,972,201,-69.07811063780,9.49043151432
424,424,864,864 VEN 1986 PO 224,III,Inceptisoles,Aquepts,Tropaquepts,Aeric Tropaquepts,INIA,864 VEN 1986 PO 224,864,202,-69.03350006580,9.45134953994
425,425,814,814 VEN 1985 PO 201,III,Inceptisoles,Tropepts,Ustropepts,Typic Ustropepts,INIA,814 VEN 1985 PO 201,814,203,-69.01770835710,9.41660932056
428,428,818,818 VEN 1985 PO 203,IV,Inceptisoles,Aquepts,Tropaquepts,Vertic Tropaquepts,INIA,818 VEN 1985 PO 203,818,204,-68.99124012800,9.25718184056
430,430,265,265 VEN 1963 PO 59,,Sin_informa,,,,INIA,265 VEN 1963 PO 59,265,205,-68.99426006560,9.15646984688
431,431,813,813 VEN 1985 PO 200,I,Mollisoles,Ustolls,Haplustolls,Fluventic Haplustolls,INIA,813 VEN 1985 PO 200,813,206,-69.04763781650,9.13934778347
432,432,264,264 VEN 1963 PO 58,,Sin_informa,,,,INIA,264 VEN 1963 PO 58,264,207,-68.98217302960,9.05475075936
433,433,668,668 VEN 1974 PO 153,III,Inceptisoles,Aquepts,Tropaquepts,Vertic Tropaquepts,INIA,668 VEN 1974 PO 153,668,208,-68.83204463490,8.90438949756
434,434,670,670 VEN 1974 PO 155,III,Inceptisoles,Aquepts,Tropaquepts,Vertic Tropaquepts,INIA,670 VEN 1974 PO 155,670,209,-68.82796893780,8.90076688026
435,435,677,677 VEN 1974 PO 162,VI,Vertisoles,Usterts,Haplusterts,Udic Haplusterts,INIA,677 VEN 1974 PO 162,677,210,-68.82242148980,8.90235184861
436,436,678,678 VEN 1974 PO 163,I,Inceptisoles,Tropepts,Ustropepts,Aquic Ustropepts,INIA,678 VEN 1974 PO 163,678,211,-68.82038365370,8.90778640994
437,437,672,672 VEN 1974 PO 157,II,Inceptisoles,Tropepts,Ustropepts,Aquic Ustropepts,INIA,672 VEN 1974 PO 157,672,212,-68.81227258940,8.85351028747
438,438,673,673 VEN 1974 PO 158,IV,Vertisoles,Usterts,Haplusterts,Typic Haplusters,INIA,673 VEN 1974 PO 158,673,213,-68.80729744180,8.85489191191
439,439,678,678 VEN 1974 PO 161,I,Inceptisoles,Tropepts,Ustropepts,Aquic Ustropepts,INIA,678 VEN 1974 PO 161,678,214,-68.80370412620,8.85157517012
443,443,651,651 VEN 1973 PO 144,IV,Inceptisoles,Aquepts,Tropaquepts,Vertic Tropaquepts,INIA,651 VEN 1973 PO 144,651,215,-69.65267172200,8.97226516625
445,445,148,148 VEN 1961 PO 43,IV,Inceptisoles,Aquepts,Tropaquepts,Vertic Tropaquepts,INIA,148 VEN 1961 PO 43,148,216,-69.74373644720,8.93406646952
452,452,180,180 VEN 1962 PO 50,,Sin_informa,,,,INIA,180 VEN 1962 PO 50,180,217,-69.83025937730,9.09020703317
453,453,232,232 VEN 1963 PO 57,,Sin_informa,,,,INIA,232 VEN 1963 PO 57,232,218,-69.61564518500,8.96347134039
454,454,607,607 VEN 1970 PO 102,III,Alfisoles,Ustalfs,Haplustalfs,Lithic Haplustalfs,INIA,607 VEN 1970 PO 102,607,219,-69.53062604750,9.24757105603
455,455,621,621 VEN 1970 PO 116,VI,Entisoles,Psamments,Ustipsamments,Typic Ustipsamments,INIA,621 VEN 1970 PO 116,621,220,-69.44528765010,9.22205560971
456,456,52,52 VEN 1960 PO 7,,Sin_informa,,,,INIA,52 VEN 1960 PO 7,52,221,-68.97753672990,9.45695116542
465,465,354,354 VEN 1964 SU 15,IV,Mollisoles,Rendolls,Typic Rendolls,,INIA,354 VEN 1964 SU 15,354,222,-63.45686048360,10.47535086340
466,466,355,355 VEN 1966 SU 16,IV,Entisoles,Aquents,Fluvaquents,Mollic Fluvaquents,INIA,355 VEN 1966 SU 16,355,223,-63.42463700580,10.50620331720
467,467,356,356 VEN 1964 SU 17,,,,,,INIA,356 VEN 1964 SU 17,356,224,-63.38967129370,10.52608725270
474,474,351,351 VEN 1964 SU 12,V,Entisoles,Aquents,Hydraquents,,INIA,351 VEN 1964 SU 12,351,225,-63.60540582610,10.49650957330
475,475,352,352 VEN 1964 SU 13,IV,Entisoles,Aquents,Hydraquents,,INIA,352 VEN 1964 SU 13,352,226,-63.60312089980,10.49693789970
476,476,353,353 VEN 1964 SU 14,III,Entisoles,Aquents,Psammaquents,Typic Psammaquents,INIA,353 VEN 1964 SU 14,353,227,-63.60040752780,10.49736633310
477,477,918,918 VEN 1976 SU 18,IV,Inceptisoles,Aquepts,Halaquepts,Aeric Halaquepts,INIA,918 VEN 1976 SU 18,918,228,-62.59996396470,10.57284380670
478,478,919,919 VEN 1976 SU 19,III,Alfisoles,Ustalfs,Haplustalfs,Ultic Haplustalfs,INIA,919 VEN 1976 SU 19,919,229,-62.59530650280,10.56958332470
479,479,920,920 VEN 1976 SU 20,II,Inceptisoles,Tropepts,Ustropepts,Typic Ustropepts,INIA,920 VEN 1976 SU 20,920,230,-62.58831978020,10.56911682210
480,480,921,921 VEN 1976 SU 21,II,Inceptisoles,Tropepts,Ustropepts,Typic Ustropepts,INIA,921 VEN 1976 SU 21,921,231,-62.58133298490,10.57098029490
489,489,950,950 VEN 1988 TA 36,VII,Ultisoles,Udults,Hapludults,Typic Hapludults,INIA,950 VEN 1988 TA 36,950,232,-72.44010923360,7.64145526242
490,490,956,956 VEN 1988 TA 42,VII,Ultisoles,Humults,Haplohumults,Typic Haplohumults,INIA,956 VEN 1988 TA 42,956,233,-72.43782637110,7.57400109210
491,491,955,955 VEN 1988 TA 41,VIII,Inceptisoles,Tropepts,Dystropepts,Typic Dystropepts,INIA,955 VEN 1988 TA 41,955,234,-72.43086268470,7.56851470502
492,492,953,953 VEN 1988 TA 39,VII,Inceptisoles,Tropepts,Dystropepts,Typic Dystropepts,INIA,953 VEN 1988 TA 39,953,235,-72.44647868070,7.55564173093
493,493,948,948 VEN 1988 TA 34,VI,Inceptisoles,Tropepts,Humitropepts,Typic Humitropepts,INIA,948 VEN 1988 TA 34,948,236,-72.44247931380,7.55239629401
494,494,949,949 VEN 1988 TA 35,VII,Inceptisoles,Tropepts,Dystropepts,Typic Dystropepts,INIA,949 VEN 1988 TA 35,949,237,-72.44205854870,7.55127541641
495,495,951,951 VEN 1988 TA 37,VI,Inceptisoles,Tropepts,Dystropepts,Typic Dystropepts,INIA,951 VEN 1988 TA 37,951,238,-72.44149801810,7.55029390679
496,496,952,952 VEN 1988 TA 38,IV,Vertisoles,Uderts,Hapluderts,Entic Hapluderts,INIA,952 VEN 1988 TA 38,952,239,-72.44107725140,7.54917246198
497,497,946,946 VEN 1988 TA 32,VI,Ultisoles,Udults,Hapludults,Typic Hapludults,INIA,946 VEN 1988 TA 32,946,240,-72.43841412200,7.54328504508
498,498,947,947 VEN 1988 TA 33,VI,Ultisoles,Udults,Hapludults,Typic Hapludults,INIA,947 VEN 1988 TA 33,947,241,-72.43869409810,7.54160304495
499,499,945,945 VEN 1988 TA 31,VI,Ultisoles,Ustults,Haplustults,Typic Haplustults,INIA,945 VEN 1988 TA 31,945,242,-72.43953549180,7.53375332547
500,500,944,944 VEN 1988 TA 30,VII,Ultisoles,Udults,Hapludults,Typic Hapludults,INIA,944 VEN 1988 TA 30,944,243,-72.43743257280,7.52828631406
501,501,954,954 VEN 1988 TA 40,VII,Ultisoles,Udults,Hapludults,Typic Hapludults,INIA,954 VEN 1988 TA 40,954,244,-72.43813371020,7.52295939887
503,503,690,690 VEN 1976 TA 07,VI,Alfisoles,Udalfs,Paleudalfs,Typic Paleudalfs,INIA,690 VEN 1976 TA 07,690,245,-72.38341996020,7.65999989907
504,504,692,692 VEN 1976 TA 08,III,Mollisoles,Udolls,Hapludolls,Typic Hapludolls,INIA,692 VEN 1976 TA 08,692,246,-72.38307653620,7.66188827136
505,505,696,696 VEN 1976 TA 12,III,Ultisoles,Udults,Hapludults,Typic Hapludults,INIA,696 VEN 1976 TA 12,696,247,-72.37930041810,7.66137317876
506,506,697,697 VEN 1976 TA 13,IV,Mollisoles,Udolls,Hapludolls,Lithic Hapludolls,INIA,697 VEN 1976 TA 13,697,248,-72.37758358030,7.66223127056
507,507,13,13 B 1976 TA,V,Sin_informa,,,,INIA,13 B 1976 TA,13,249,-72.37629616210,7.66317571961
508,508,823,823 VEN 1985 TA 26,VI,Ultisoles,Udults,Hapludults,Typic Hapludults,INIA,823 VEN 1985 TA 26,823,250,-72.23103627020,7.78032858118
509,509,802,802 VEN 1982 TA 15,,Alfisoles,Udalfs,Rhodudalfs,Typic Rhodudalfs,INIA,802 VEN 1982 TA 15,802,251,-72.19314717890,7.80319309891
510,510,804,804 VEN 1982 TA 17,,Inceptisoles,Tropepts,Humitropepts,Typic Humitropepts,INIA,804 VEN 1982 TA 17,804,252,-72.20164020910,7.86851883452
513,513,806,806 VEN 1982 TA 19,,Ultisoles,Humults,Haplohumults,Typic Haplohumults,INIA,806 VEN 1982 TA 19,806,253,-72.18204274940,7.91882012182
514,514,807,807 VEN 1982 TA 20,,Ultisoles,Humults,Haplohumults,Typic Haplohumults,INIA,807 VEN 1982 TA 20,807,254,-72.18465600920,7.92469935859
515,515,808,808 VEN 1982 TA 21,,Spodosoles,Humods,Placohumods,Typic Placohumods,INIA,808 VEN 1982 TA 21,808,255,-72.26370264720,8.04097881296
516,516,812,812 VEN 1982 TA 25,VI,Spodosoles,Humods,Placohumods,Typic Placohumods,INIA,812 VEN 1982 TA 25,812,256,-72.26174253760,8.04555154883
517,517,809,809 VEN 1982 TA 22,,Ultisoles,Humults,Haplohumults,Typic Haplohumults,INIA,809 VEN 1982 TA 22,809,257,-72.09646531280,7.96585551431
518,518,19,19 VEN 1959 TA 03,VI,Ultisoles,Humults,Haplohumults,Typic Haplohumults,INIA,19 VEN 1959 TA 03,19,258,-72.07752055480,7.96128278124
519,519,810,810 VEN 1982 TA 23,,Ultisoles,Humults,Haplohumults,Typic Haplohumults,INIA,810 VEN 1982 TA 23,810,259,-71.88219469720,8.07103278304
520,520,857,857 VEN 1978 TA 27,VI,Inceptisoles,Umbrepts,Aplumbrepts,Typic Haplumbrepts,INIA,857 VEN 1978 TA 27,857,260,-71.91020445570,8.29602461532
521,521,858,858 VEN 1978 TA 28,III,Inceptisoles,Umbrepts,Aplumbrepts,Pachic Haplumbrepts,INIA,858 VEN 1978 TA 28,858,261,-71.90903404650,8.29797520457
522,522,859,859 VEN 1978 TA 29,III,Inceptisoles,Umbrepts,Aplumbrepts,Typic Haplumbrepts,INIA,859 VEN 1978 TA 29,859,262,-71.90734339040,8.29966569955
523,523,811,811 VEN 1982 TA 24,,Vertisoles,Usterts,Haplusterts,Typic Haplusters,INIA,811 VEN 1982 TA 24,811,263,-71.88005369400,8.06913603177
534,534,84,84 VEN 1961 TR 1,,Entisoles,Orthents,,,INIA,84 VEN 1961 TR 1,84,264,-70.78808023190,9.52364991868
535,535,85,85 VEN 1961 TR 2,,Entisoles,Orthents,,,INIA,85 VEN 1961 TR 2,85,265,-70.77184196040,9.49940277270
536,536,86,86 VEN 1961 TR 3,,Entisoles,Orthents,,,INIA,86 VEN 1961 TR 3,86,266,-70.74412999010,9.52494939216
540,540,915,915 VEN 1988 YA 38,I,Inceptisoles,Tropepts,Ustropepts,Typic Ustropepts,INIA,915 VEN 1988 YA 38,915,267,-69.02819497600,10.11575526260
541,541,903,903 VEN 1988 YA 37,III,Alfisoles,Ustalfs,Haplustalfs,Typic Haplustalfs,INIA,903 VEN 1988 YA 37,903,268,-69.02370177000,10.11440717950
542,542,902,902 VEN 1988 YA 36,II,Inceptisoles,Tropepts,Ustropepts,Fluventic Ustropepts,INIA,902 VEN 1988 YA 36,902,269,-68.99269922030,10.15664360480
543,543,841,841 VEN 1965 YA 28,IV,Entisoles,Fluvents,Ustifluvents,Typic Ustifluvents,INIA,841 VEN 1965 YA 28,841,270,-68.98236487380,10.16158663260
544,544,901,901 VEN 1988 YA 35,VII,Inceptisoles,Tropepts,Ustropepts,Typic Ustropepts,INIA,901 VEN 1988 YA 35,901,271,-68.96843583870,10.16338341820
545,545,900,900 VEN 1988 YA 34,V,Ultisoles,Ustults,Kanhaplustults,Typic Kanhaplustults,INIA,900 VEN 1988 YA 34,900,272,-68.95765223950,10.16697818830
546,546,831,831 VEN 1965 YA 18,I,Mollisoles,Ustolls,Calciustolls,Typic Calciustolls,INIA,831 VEN 1965 YA 18,831,273,-68.89936471370,10.15245552570
547,547,842,842 VEN 1965 YA 29,IV,Alfisoles,Ustalfs,Haplustalfs,Udic Haplustalfs,INIA,842 VEN 1965 YA 29,842,274,-68.90622944260,10.12622100830
548,548,844,844 VEN 1965 YA 31,III,Inceptisoles,Aquepts,Tropaquepts,Vertic Tropaquepts,INIA,844 VEN 1965 YA 31,844,275,-68.90034514510,10.12842843330
549,549,827,827 VEN 1965 YA 38,II,Inceptisoles,Tropepts,Ustropepts,Vertic Ustropepts,INIA,827 VEN 1965 YA 38,827,276,-68.84395355870,10.12965470320
550,550,899,899 VEN 1988 YA 33,II,Inceptisoles,Tropepts,Ustropepts,Typic Ustropepts,INIA,899 VEN 1988 YA 33,899,277,-68.87827973840,10.18261325270
551,551,843,843 VEN 1965 YA 30,IV,Alfisoles,Ustalfs,Haplustalfs,Udic Haplustalfs,INIA,843 VEN 1965 YA 30,843,278,-68.79001389320,10.13480397950
553,553,61,61 VEN 1960 YA 04,,Sin_informa,,,,INIA,61 VEN 1960 YA 04,61,279,-68.82679248790,10.23410086670
554,554,833,833 VEN 1965 YA 20,II,Alfisoles,Ustalfs,Haplustalfs,Typic Haplustalfs,INIA,833 VEN 1965 YA 20,833,280,-68.79712506740,10.19438296800
555,555,825,825 VEN 1965 YA 12,IV,Alfisoles,Ustalfs,Haplustalfs,Udic Haplustalfs,INIA,825 VEN 1965 YA 12,825,281,-68.81404350340,10.26229660260
556,556,840,840 VEN 1965 YA 27,III,Entisoles,Fluvents,Ustifluvents,Typic Ustifluvents,INIA,840 VEN 1965 YA 27,840,282,-68.80693286580,10.22968882570
557,557,834,834 VEN 1965 YA 20,III,Alfisoles,Ustalfs,Haplustalfs,Aquic Haplustalfs,INIA,834 VEN 1965 YA 20,834,283,-68.77579454300,10.20762258290
559,559,829,829 VEN 1965 YA 16,II,Entisoles,Fluvents,Ustifluvents,Typic Ustifluvents,INIA,829 VEN 1965 YA 16,829,284,-68.75544587420,10.29220967570
560,560,839,839 VEN 1965 YA 26,II,Entisoles,Orthents,Ustorthents,Typic Ustorthents,INIA,839 VEN 1965 YA 26,839,285,-68.69488666490,10.31991635440
561,561,832,832 VEN 1965 YA 19,IV,Vertisoles,Usterts,Haplusterts,Typic Haplusters,INIA,832 VEN 1965 YA 19,832,286,-68.63874069090,10.34247318230
562,562,836,836 VEN 1965 YA 23,V,Alfisoles,Ustalfs,Haplustalfs,Ultic Haplustalfs,INIA,836 VEN 1965 YA 23,836,287,-68.65663939890,10.37802381920
563,563,835,835 VEN 1962 YA 22,III,Entisoles,Fluvents,Ustifluvents,Typic Ustifluvents,INIA,835 VEN 1962 YA 22,835,288,-68.66718233980,10.38758602740
564,564,838,838 VEN 1962 YA 25,III,Entisoles,Psamments,Ustipsamments,Typic Ustipsamments,INIA,838 VEN 1962 YA 25,838,289,-68.67355695650,10.38537860360
565,565,845,845 VEN 1962 YA 32,IV,Entisoles,Psamments,Ustipsamments,Typic Ustipsamments,INIA,845 VEN 1962 YA 32,845,290,-68.65614960380,10.41553609180
566,566,58,58 VEN 1960 YA 01,,Sin_informa,,,,INIA,58 VEN 1960 YA 01,58,291,-68.90334296690,10.14868650090
567,567,837,837 VEN 1965 YA 24,II,Entisoles,Fluvents,Ustifluvents,Typic Ustifluvents,INIA,837 VEN 1965 YA 24,837,292,-68.88557187560,10.14510672730
570,570,828,828 VEN 1965 YA 15,VI,Mollisoles,Ustolls,Argiustolls,Udic Arqiustolls,INIA,828 VEN 1965 YA 15,828,293,-68.71589379300,10.34851307130
572,572,,,,,,CAMBORTHIDS,,SOTER,VE_FA062,VE_FA062,294,-69.89196157370,11.97683259830
573,573,,,,,,NATRARGIDS,,SOTER,VE_ZUL300,VE_ZUL300,295,-71.96201279930,11.60681457090
574,574,,,,,,USTORTHENTS,,SOTER,VE_FAC104,VE_FAC104,296,-69.50194646930,11.36682948880
575,575,,,,,,HAPLUSTERTS,,SOTER,VE_ZUL299,VE_ZUL299,297,-71.96201074260,11.34681124400
576,576,,,,,,CAMBORTHIDS,,SOTER,VE_FA063,VE_FA063,298,-69.11193579580,11.33683213640
577,577,,,,,,HAPLUSTERTS,,SOTER,VE_FAV090,VE_FAV090,299,-69.00193204180,11.24683189090
578,578,,,,,,TORRIORTHENT,,SOTER,VE_ZUL303,VE_ZUL303,300,-70.86198001180,11.02681603010
579,579,,,,,,HAPLUSTALFS,,SOTER,VE_FAC079,VE_FAC079,301,-68.33190994960,10.75683237090
580,580,,,,,,HAPLARGIDS,,SOTER,VE_ZUA040,VE_ZUA040,302,-71.08198367670,10.70681147810
581,581,,,,,,TORRIORTHENTS,,SOTER,VE_SU60/11,VE_SU60/11,303,-63.25176505390,10.66687455010
582,582,,,,,,USTROPEPTS,,SOTER,VE_FA26,VE_FA26,304,-70.63197115430,10.62681333890
583,583,,,,,,PALEUSTULTS,,SOTER,VE_ZUM161,VE_ZUM161,305,-66.40185520470,10.61684598020
584,584,,,,,,DYSTROPEPTS,,SOTER,VE_ZUM153,VE_ZUM153,306,-66.51185829670,10.61684469200
585,585,,,,,,KANHAPLUDULTS,,SOTER,VE_SU59/13,VE_SU59/13,307,-62.50174196810,10.57688051910
586,586,,,,,,HAPLARGIDS,,SOTER,VE_SU60/12,VE_SU60/12,308,-63.30176573940,10.57687326050
587,587,,,,,,USTROPEPTS,,SOTER,VE_ZUL306,VE_ZUL306,309,-72.16201055230,10.51680238290
588,588,,,,,,HAPLARGIDS,,SOTER,VE_ZUA057,VE_ZUA057,310,-71.69199780310,10.45680453540
589,589,,,,,,TORRIORTHENT,,SOTER,VE_LA08189,VE_LA08189,311,-70.34196218470,10.45681453740
590,590,,,,,,TROPAQUEPTS,,SOTER,VE_SU60/13,VE_SU60/13,312,-63.50177020020,10.41686957650
591,591,,,,,,USTROPEPTS,,SOTER,VE_MI42/11,VE_MI42/11,313,-66.08184444330,10.41684669600
592,592,,,,,,TypicTropohumult,,SOTER,VE_W3_0042,VE_W3_0042,314,-67.67218861440,10.36073263030
593,593,,,,,,HumoxicTropohumult,,SOTER,VE_W3_0043,VE_W3_0043,315,-67.67218861440,10.36073263030
594,594,,,,,,TypicTropohumult,,SOTER,VE_W3_0053,VE_W3_0053,316,-67.58608620920,10.35963367800
595,595,,,,,,TypicTropudult,,SOTER,VE_W3_0040,VE_W3_0040,317,-67.68518889070,10.34963264060
596,596,,,,,,TypicTropohumult,,SOTER,VE_W3_0041,VE_W3_0041,318,-67.68518889070,10.34963264060
597,597,,,,,,USTROPEPTS,,SOTER,VE_YA051TY,VE_YA051TY,319,-68.63191501780,10.34682569360
598,598,,,,,,TROPAQUEPTS,,SOTER,VE_YA05017,VE_YA05017,320,-68.35190730530,10.34682748100
599,599,,,,,,TypicDystropept,,SOTER,VE_W3_0044,VE_W3_0044,321,-67.68998897520,10.34493239590
600,600,,,,,,TypicTropohumult,,SOTER,VE_W3_0046,VE_W3_0046,322,-67.68998897520,10.34493239590
601,601,,,,,,DYSTROPEPTS,,SOTER,VE_SU59/11,VE_SU59/11,323,-63.50176924550,10.32686811650
602,602,,,,,,TypicHaplustult,,SOTER,VE_W3_0052,VE_W3_0052,324,-67.65378789980,10.33653283360
603,603,,,,,,USTORTHENTS,,SOTER,VE_MI41/11,VE_MI41/11,325,-66.62185894760,10.32684104050
604,604,,,,,,PALEUSTALFS,,SOTER,VE_ZUA055,VE_ZUA055,326,-66.20184697450,10.31684387230
605,605,,,,,,DYSTROPEPTS,,SOTER,VE_AR39/11,VE_AR39/11,327,-68.18190232070,10.30682790320
606,606,,,,,,DYSTROPEPTS,,SOTER,VE_GU43/12,VE_GU43/12,328,-68.18190232070,10.30682790320
607,607,,,,,,FLUVENTICUSTROPEPTS,,SOTER,VE_W3_0084,VE_W3_0084,329,-67.61858647790,10.28013290610
608,608,,,,,,HAPLUSTOLLS,,SOTER,VE_CA40/11,VE_CA40/11,330,-67.39188012740,10.27683371120
609,609,,,,,,CAMBORTHIDS,,SOTER,VE_LA07002,VE_LA07002,331,-70.27195872360,10.25681262900
610,610,,,,,,CAMBORTHIDS,,SOTER,VE_LA08031,VE_LA08031,332,-69.40193534770,10.25681830160
611,611,,,,,,TROPORTHENTS,,SOTER,VE_SU59/12,VE_SU59/12,333,-64.33179276990,10.24686016730
612,612,,,,,,PALEUSTALFS,,SOTER,VE_ZUC069,VE_ZUC069,334,-64.40179469510,10.24685946190
613,613,,,,,,PALEUSTALFS,,SOTER,VE_ZUA053,VE_ZUA053,335,-66.05184183120,10.20684464260
614,614,,,,,,KANDICPALEUSTALFS,,SOTER,VE_W3_0083,VE_W3_0083,336,-69.11862615360,10.06351862600
615,615,,,,,,EUTROPEPTS,,SOTER,VE_AN57/12,VE_AN57/12,337,-65.17263271730,10.03744884070
616,616,,,,,,DYSTROPEPTS,,SOTER,VE_TR02000288,VE_TR02000288,338,-70.64196722430,10.03680790290
617,617,,,,,,KANHAPLUSTULTS,,SOTER,VE_MO63/12,VE_MO63/12,339,-63.24175843060,9.99686675626
618,618,,,,,,HAPLUSTALFS,,SOTER,VE_AN56/12,VE_AN56/12,340,-64.25178811660,9.98685774510
619,619,,,,,,SULFIHEMIST,,SOTER,VE_DA68/12,VE_DA68/12,341,-62.25172883290,9.96687569056
620,620,,,,,,SULFAQUENTS,,SOTER,VE_SU61/11,VE_SU61/11,342,-62.25172883290,9.96687569056
621,621,,,,,,HAPLUSTALFS,,SOTER,VE_AN55/12,VE_AN55/12,343,-65.17181465190,9.98684990278
622,622,,,,,,FLUVAQUENTS,,SOTER,VE_DA67/11,VE_DA67/11,344,-62.42173397980,9.96687358169
623,623,,,,,,FLUVAQUENTS,,SOTER,VE_DA68/11,VE_DA68/11,345,-62.42173397980,9.96687358169
624,624,,,,,,SULFIHEMISTS,,SOTER,VE_SU61/12,VE_SU61/12,346,-62.50173650000,9.96687292283
625,625,,,,,,USTROPEPTS,,SOTER,VE_AN58/12,VE_AN58/12,347,-65.19181519010,9.97684861904
626,626,,,,,,USTROPEPTS,,SOTER,VE_AN55/11,VE_AN55/11,348,-65.24181656820,9.97684872512
627,627,,,,,,USTROPEPTS,,SOTER,VE_ZUV063,VE_ZUV063,349,-66.00183844390,9.97684184925
628,628,,,,,,FluventicCamborthid,,SOTER,VE_W3_0141,VE_W3_0141,350,-69.58523780010,9.91351443575
629,629,,,,,,USTORTHENTS,,SOTER,VE_TR02000388,VE_TR02000388,351,-70.63196597000,9.90680736243
630,630,,,,,,EUTROPEPTS,,SOTER,VE_MO62/12,VE_MO62/12,352,-63.08175200380,9.82686654108
631,631,,,,,,HAPLUSTOX,,SOTER,VE_MO63/11,VE_MO63/11,353,-63.33175953340,9.82686428346
632,632,,,,,,HAPLUSTERTS,,SOTER,VE_GU46/11,VE_GU46/11,354,-66.33184663690,9.83683832983
633,633,,,,,,USTROPEPTS,,SOTER,VE_ZUL051,VE_ZUL051,355,-71.00197535910,9.81680421351
634,634,,,,,,DYSTROPEPTS,,SOTER,VE_LA07007,VE_LA07007,356,-70.05194983300,9.81681038479
635,635,,,,,,HAPLOHUMULTS,,SOTER,VE_PO0019,VE_PO0019,357,-68.54190822580,9.77682016004
636,636,,,,,,TROPAQUEPTS,,SOTER,VE_MO62/11,VE_MO62/11,358,-62.75174151660,9.74686837405
637,637,,,,,,PLINTHUSTULTS,,SOTER,VE_MO64/12,VE_MO64/12,359,-63.75177102990,9.74685941299
638,638,,,,,,HAPLUSTULTS,,SOTER,VE_TR09000188,VE_TR09000188,360,-70.23195420430,9.72680786062
639,639,,,,,,HAPLUSTALFS,,SOTER,VE_PO0018,VE_PO0018,361,-68.61190970860,9.71681963847
640,640,,,,,,PALEUSTULTS,,SOTER,VE_MO64/11,VE_MO64/11,362,-63.68176825080,9.66685865753
641,641,,,,,,USTROPEPTS,,SOTER,VE_TR02000588,VE_TR02000588,363,-70.46195985950,9.66680567365
642,642,,,,,,HAPLUSTALFS,,SOTER,VE_GU43/11,VE_GU43/11,364,-67.70188398390,9.66682593403
643,643,,,,,,HAPLUSTALFS,,SOTER,VE_AR39/12,VE_AR39/12,365,-67.50187836970,9.66682749240
644,644,,,,,,USTROPEPTS,,SOTER,VE_ZUL298,VE_ZUL298,366,-70.97197341010,9.64680202532
645,645,,,,,,MOLLICUSTIFLUVENTS,,SOTER,VE_W3_0082,VE_W3_0082,367,-68.98521954720,9.64681596136
646,646,,,,,,SULFAQUENTS,,SOTER,VE_DA67/12,VE_DA67/12,368,-61.53170379610,9.59687832908
647,647,,,,,,TROPAQUEPTS,,SOTER,VE_GU46/12,VE_GU46/12,369,-66.67185460660,9.62683307097
648,648,,,,,,HUMITROPEPTS,,SOTER,VE_TR02000187,VE_TR02000187,370,-70.18195194410,9.61680772190
649,649,,,,,,DYSTROPEPTS,,SOTER,VE_TR12000186,VE_TR12000186,371,-70.53196083510,9.53680448884
650,650,,,,,,TypicHaplustalf,,SOTER,VE_W3_0118,VE_W3_0118,372,-66.30184208400,9.38013369899
651,651,,,,,,TypicHaplustert,,SOTER,VE_W3_0122,VE_W3_0122,373,-66.33514298500,9.38013353299
652,652,,,,,,TypicHapludult,,SOTER,VE_W3_0135,VE_W3_0135,374,-69.98524451480,9.28010577677
653,653,,,,,,KandicPaleustult,,SOTER,VE_W3_0134,VE_W3_0134,375,-69.43522930540,9.28010955467
654,654,,,,,,HAPLUSTALFS,,SOTER,VE_PO0008,VE_PO0008,376,-69.46192989730,9.25680874048
655,655,,,,,,HAPLUSTULTS,,SOTER,VE_PO0009,VE_PO0009,377,-68.66190775460,9.25681423452
656,656,,,,,,DYSTROPEPTS,,SOTER,VE_PO0010,VE_PO0010,378,-68.64190718340,9.25681483824
657,657,,,,,,HAPLUSTOX,,SOTER,VE_AN65/11,VE_AN65/11,379,-63.63176243090,9.16685407457
658,658,,,,,,HAPLUSTERTS,,SOTER,VE_AN57/11,VE_AN57/11,380,-63.22174984740,9.14685729514
659,659,,,,,,HAPLUSTERTS,,SOTER,VE_AN56/11,VE_AN56/11,381,-65.22180903720,9.15683996110
660,660,,,,,,HAPLUSTERTS,,SOTER,VE_AN58/11,VE_AN58/11,382,-65.22180886000,9.14684012967
661,661,,,,,,CRYUMBREPTS,,SOTER,VE_TR14000185,VE_TR14000185,383,-70.75196420770,9.10679903559
662,662,,,,,,TROPAQUEPTS,,SOTER,VE_ZUL284,VE_ZUL284,384,-71.73781782900,9.09161300931
663,663,,,,,,QUARTZIPSAMMENT,,SOTER,VE_AN65/12,VE_AN65/12,385,-63.83176742880,9.07685112513
664,664,,,,,,TROPAQUEPTS,,SOTER,VE_PO0016,VE_PO0016,386,-69.02191627240,9.05681012405
665,665,,,,,,HAPLUSTOLLS,,SOTER,VE_PO0017,VE_PO0017,387,-69.93194147750,9.04680385507
666,666,,,,,,FluventicUstropept,,SOTER,VE_W3_0140,VE_W3_0140,388,-69.73523599220,9.04680496507
667,667,,,,,,TROPORTHENTS,,SOTER,VE_PO0020,VE_PO0020,389,-68.43189982420,9.04681394845
668,668,,,,,,TROPAQUEPTS,,SOTER,VE_ZUL266,VE_ZUL266,390,-66.28183859980,9.02683003568
669,669,,,,,,CRYORTHENTS,,SOTER,VE_ME11000186,VE_ME11000186,391,-70.83196576860,9.00679802672
670,670,,,,,,TypicKandiustult,,SOTER,VE_W3_0133,VE_W3_0133,392,-64.15177632510,8.99684722200
671,671,,,,,,USTROPEPTS,,SOTER,VE_PO0015,VE_PO0015,393,-68.98191476820,8.99680964326
672,672,,,,,,TYPICKANDIUSTULTS,,SOTER,VE_W3_0079,VE_W3_0079,394,-64.25177826530,8.89684552810
673,673,,,,,,QUARTZIPSAMMENTS,,SOTER,VE_MO66/11,VE_MO66/11,395,-62.92173809690,8.82685666405
674,674,,,,,,USTROPEPTS,,SOTER,VE_PO0011,VE_PO0011,396,-70.07194381660,8.83680106687
675,675,,,,,,OCHRAQUALFS,,SOTER,VE_PO0012,VE_PO0012,397,-69.79193610840,8.82680292146
676,676,,,,,,TROPAQUEPTS,,SOTER,VE_PO0013,VE_PO0013,398,-69.98194087540,8.76680108165
677,677,,,,,,TypicKandiustult,,SOTER,VE_W3_0078,VE_W3_0078,399,-64.30177842770,8.73014315506
678,678,,,,,,FLUVAQUENTIC,,SOTER,VE_W3_0081,VE_W3_0081,400,-72.64487434750,8.62750669074
679,679,,,,,,HAPLUSTOX,,SOTER,VE_MO66/12,VE_MO66/12,401,-63.08173975500,8.46685110625
680,680,,,,,,DYSTROPEPTS,,SOTER,VE_ME06000190,VE_ME06000190,402,-71.24197320900,8.41679095066
681,681,,,,,,Sin_informa,,SOTER,VE_W3_0001,VE_W3_0001,403,-62.63502544310,8.38015448817
682,682,,,,,,KANDIUSTULTS,,SOTER,VE_GU54/11,VE_GU54/11,404,-65.90182249100,8.37682681535
683,683,,,,,,QUARTZIPSAMMENTS,,SOTER,VE_GU54/12,VE_GU54/12,405,-65.17180058850,8.32683184294
684,684,,,,,,DYSTROPEPTS,,SOTER,VE_TA16000193,VE_TA16000193,406,-72.09199546410,8.30678509051
685,685,,,,,,HAPLUDULTS,,SOTER,VE_TA16000293,VE_TA16000293,407,-72.08199514860,8.28678522251
686,686,,,,,,USTORTHENTS,,SOTER,VE_AM81/12,VE_AM81/12,408,-62.47171929030,8.27685440379
687,687,,,,,,HAPLUDULTS,,SOTER,VE_ME04000180,VE_ME04000180,409,-71.13196911830,8.23678994683
688,688,,,,,,TROPAQUEPTS,,SOTER,VE_PO0006,VE_PO0006,410,-69.43192216710,8.23680060698
689,689,,,,,,HUMITROPEPTS,,SOTER,VE_ME04000280,VE_ME04000280,411,-71.13196914270,8.22679014726
690,690,,,,,,HAPLUSTERTS,,SOTER,VE_PO0007,VE_PO0007,412,-69.43192196700,8.20679989629
691,691,,,,,,LITHICUSTORTHENTS,,SOTER,VE_BO84/11,VE_BO84/11,413,-62.47171854420,8.17685377044
692,692,,,,,,HAPLOHUMULTS,,SOTER,VE_ME05000190,VE_ME05000190,414,-71.33197411930,8.14678814914
693,693,,,,,,HAPLOHUMULTS,,SOTER,VE_TA22000282,VE_TA22000282,415,-71.80198645910,8.06678513881
694,694,,,,,,TROPOFIBRISTS,,SOTER,VE_SU61/13,VE_SU61/13,416,-60.52165739790,8.02687006828
695,695,,,,,,QUARTZIPSAMMENT,,SOTER,VE_AM78/12,VE_AM78/12,417,-64.08176483170,7.91683703466
696,696,,,,,,USTROPEPTS,,SOTER,VE_PO0004,VE_PO0004,418,-67.62186850610,7.87680975911
697,697,,,,,,TROPAQUEPTS,,SOTER,VE_PO0005,VE_PO0005,419,-67.62186822790,7.83680893978
698,698,,,,,,OCHRAQUALFS,,SOTER,VE_PO0001,VE_PO0001,420,-69.14190964180,7.55679678213
699,699,,,,,,PLINTHAQUULTS,,SOTER,VE_PO0026,VE_PO0026,421,-67.57186455690,7.51680680126
700,700,,,,,,KANDIUSTULTS,,SOTER,VE_BO74/11,VE_BO74/11,422,-65.65180818410,7.47682019829
701,701,,,,,,QUARZIPSAMMENTS,,SOTER,VE_BO72/11,VE_BO72/11,423,-63.13173205180,7.44684064429
702,702,,,,,,PLINTHAQUULT,,SOTER,VE_PO0021,VE_PO0021,424,-69.27191256100,7.42679518977
703,703,,,,,,EPIAQUENTS,,SOTER,VE_BO72/12,VE_BO72/12,425,-63.70174904170,7.37683491234
704,704,,,,,,PELLUSTERTS,,SOTER,VE_PO0030,VE_PO0030,426,-69.29191270290,7.34679422845
705,705,,,,,,QUARTZIPSAMMENTS,,SOTER,VE_BO74/12,VE_BO74/12,427,-65.64180674240,7.33681901726
706,706,,,,,,HAPLUSTALFS,,SOTER,VE_PO0002,VE_PO0002,428,-69.29191257260,7.32679400842
707,707,,,,,,DYSTROPEPTS,,SOTER,VE_PO0022,VE_PO0022,429,-70.93195788690,7.21678353460
708,708,,,,,,TROPAQUEPTS,,SOTER,VE_PO0024,VE_PO0024,430,-70.94195788540,7.18678331472
709,709,,,,,,DYSTRUSTERTS,,SOTER,VE_PO0023,VE_PO0023,431,-70.88195620560,7.18678354874
710,710,,,,,,QUARTZIPSAMMENTS,,SOTER,VE_PO0025,VE_PO0025,432,-70.61194843720,7.11678486173
711,711,,,,,,Kandiustalf,,SOTER,VE_W3_0143,VE_W3_0143,433,-63.41843782020,7.08013431671
712,712,,,,,,KANHAPLOHUMULTS,,SOTER,VE_BO71/12,VE_BO71/12,434,-64.97178484560,7.07682206271
713,713,,,,,,Kandiustalf,,SOTER,VE_W3_0131,VE_W3_0131,435,-63.36843477260,6.88013288184
714,714,,,,,,PALEAQUULTS,,SOTER,VE_AM78/11,VE_AM78/11,436,-66.92183914200,6.57680364052
715,715,,,,,,KANDIUSTULTS,,SOTER,VE_PO0029,VE_PO0029,437,-67.34185015480,6.37679897840
716,716,,,,,,KANHAPLUDULTS,,SOTER,VE_BO83/12,VE_BO83/12,438,-64.98177948240,6.34681578346
717,717,,,,,,KANHAPLUDULTS,,SOTER,VE_BO80/11,VE_BO80/11,439,-64.98177881490,6.24681457977
718,718,,,,,,HAPLUSTOX,,SOTER,VE_PO0028,VE_PO0028,440,-69.32190699430,6.24678621918
719,719,,,,,,KANHAPLUSTULTS,,SOTER,VE_BO71/11,VE_BO71/11,441,-63.68173818880,6.11682349995
720,720,,,,,,KANHAPLOHUMULT,,SOTER,VE_AM81/11,VE_AM81/11,442,-67.10183757160,5.52679472718
721,721,,,,,,KANHAPLUDULTS,,SOTER,VE_BO75/12,VE_BO75/12,443,-62.62169972370,5.46682641477
722,722,,,,,,KANDIUDULTS,,SOTER,VE_AM79/11,VE_AM79/11,444,-66.08180390730,5.07679818249
723,723,,,,,,KANHAPLOHUMULTS,,SOTER,VE_BO77/11,VE_BO77/11,445,-63.50172261880,4.82681422847
724,724,,,,,,QUARTZIPSAMMENT,,SOTER,VE_AM79/12,VE_AM79/12,446,-65.83179355470,4.66679663502
725,725,,,,,,LITHICTROPORTHENTS,,SOTER,VE_BO75/11,VE_BO75/11,447,-63.00170419760,4.46681548258
726,726,,,,,,KANHAPLUDULTS,,SOTER,VE_BO77/12,VE_BO77/12,448,-63.17170809820,4.29681288010
727,727,,,,,,KANHAPLUDULT,,SOTER,VE_AM76/11,VE_AM76/11,449,-66.08179392350,3.49678742146
728,728,,,,,,QUARTZIPSAMMENT,,SOTER,VE_AM69/11,VE_AM69/11,450,-66.50180647610,3.41678442670
729,729,,,,,,PSAMMAQUENTS,,SOTER,VE_AM70/11,VE_AM70/11,451,-65.93178526350,2.81678444937
730,730,,,,,,TROPAQUEPTS,,SOTER,VE_AM70/12,VE_AM70/12,452,-65.93178459530,2.69678369036
731,731,,,,,,KANDIUDOX,,SOTER,VE_AM73/11,VE_AM73/11,453,-65.10175657560,2.41678703662
732,732,,,,,,KANDIHUMULTS,,SOTER,VE_AM82/11,VE_AM82/11,454,-63.62170878560,2.36679616823
733,733,,,,,,KANHAPLAQUULT,,SOTER,VE_AM69/12,VE_AM69/12,455,-67.17182077630,2.22677429180
734,734,,,,,,KANDIUDOX,,SOTER,VE_AM82/12,VE_AM82/12,456,-63.78171245900,2.11679373521
338,338,70,70 VEN 1960 PO 16,,,,,,INIA,70 VEN 1960 PO 16,70,457,-69.79629589770,8.90729161224
140,140,208,208 VEN 1962 CA 6,,Ultisoles,Ustults,Haplustults,Typic Haplustults,INIA,208 VEN 1962 CA 6,208,458,-68.04801604110,10.15362493490
124,124,207,207 VEN 1962 CA 8,,Alfisoles,Aqualfs,Endoaqualfs,Typic Endoaqualfs,INIA,207 VEN 1962 CA 8,207,459,-68.05477025670,10.07520120550
198,198,127,127 VEN 1961 GU 19,IV,Vertisoles,Uderts,Hapluderts,Entic Hapluderts,INIA,127 VEN 1961 GU 19,127,460,-67.75318005260,8.83686591519
180,180,168,168 VEN 1961 GU 16,IV,Alfisoles,Ustalfs,Haplustalfs,Ultic Haplustalfs,INIA,168 VEN 1961 GU 16,168,461,-67.46506051060,9.19530717317
276,276,219,219  VEN 1962  MI 18,,,,,,INIA,219  VEN 1962  MI 18,219,462,-66.29352189280,10.23507647590
323,323,80,80 VEN 1960 PO 25,III,Alfisoles,Ustalfs,Paleustalfs,Typic Paleustalfs,INIA,80 VEN 1960 PO 25,80,463,-69.88885310370,8.88340627197
324,324,114,114 VEN 1961 PO 31,,Alfisoles,Aqualfs,Endoaqualfs,Aeric Endoaqualfs,INIA,114 VEN 1961 PO 31,114,464,-69.85315971930,8.88000764255
53,53,233,233 VEN 1963 AR 23,,Inceptisoles,Tropepts,Ustropepts,Vertic Ustropepts,INIA,233 VEN 1963 AR 23,233,465,-67.56512893930,10.07661051620
74,74,213,213 VEN 1962 BA 7,,,,,,INIA,213 VEN 1962 BA 7,213,466,-70.19310212640,8.67506864269
142,142,120,120 VEN 1961 CO 4,,Entisoles,Aquents,,,INIA,120 VEN 1961 CO 4,120,467,-68.15381020930,9.16402511200
446,446,149,149 VEN 1961 PO 44,IV,Inceptisoles,Aquepts,Tropaquepts,Aeric Tropaquepts,INIA,149 VEN 1961 PO 44,149,468,-69.74170845360,8.92257557702
136,136,297,297 VEN 1963 CA 14,,,,,,INIA,297 VEN 1963 CA 14,297,469,-67.77811372010,10.08871953960
150,150,203,203 VEN 1962 CO 10,,Ultisoles,Ustults,,,INIA,203 VEN 1962 CO 10,203,470,-68.28616091930,9.90234849336
301,301,193,193 VEN 1962 MO 7,V,Ultisoles,Ustults,Paleustults,Typic Paleustults,INIA,193 VEN 1962 MO 7,193,471,-63.39267637430,9.77487752920
532,532,435,435 VEN 1965 TR 11,,Ultisoles,Ustults,,,INIA,435 VEN 1965 TR 11,435,472,-70.47957613220,9.55969392351
417,417,47,47 VEN 1960 PO 2,III,Alfisoles,Ustalfs,Plinthustalfs,Typic Plinthustalfs,INIA,47 VEN 1960 PO 2,47,473,-69.13772277160,9.52161805816
128,128,391,391 VEN 1964 CA,,,,,,INIA,391 VEN 1964 CA,391,474,-68.23970302160,10.19735138180
148,148,275,275 VEN 1963 CO 13,,,,,,INIA,275 VEN 1963 CO 13,275,475,-68.58268653940,9.50297420519
295,295,188,188 VEN 1962 MO 2,III,Entisoles,Psamments,Quartzipsamments,Ustoxic Quartzipsamments,INIA,188 VEN 1962 MO 2,188,476,-63.16354359290,9.69142159583
152,152,121,121 VEN 1961 CO 5,,,,,,INIA,121 VEN 1961 CO 5,121,477,-68.10233535540,9.64433903713
335,335,71,71 VEN 1960 PO 17,III,Entisoles,Psamments,Quartzipsamments,Ustoxic Quartzipsamments,INIA,71 VEN 1960 PO 17,71,478,-69.86300612860,8.91534229550
449,449,66,66 VEN 1960 PO 12,II,Entisoles,Fluvents,Ustifluvents,Typic Ustifluvents,INIA,66 VEN 1960 PO 12,66,479,-69.74846544130,8.73466458013
131,131,393,393 VEN 1964 CA,,,,,,INIA,393 VEN 1964 CA,393,480,-68.24997042600,10.20142052280
121,121,296,296 VEN 1963 CA 13,,,,,,INIA,296 VEN 1963 CA 13,296,481,-67.79619305350,10.10646122320
179,179,169,169 VEN 1962 GU 25,II,Inceptisoles,Tropepts,Ustropepts,Fluventic Ustropepts,INIA,169 VEN 1962 GU 25,169,482,-67.55207580260,9.28316360756
339,339,72,72 VEN 1960 PO 18,III,Vertisoles,Usterts,Haplusterts,Typic Haplusters,INIA,72 VEN 1960 PO 18,72,483,-69.78134406010,8.94467222969
524,524,196,196 VEN 1962 TA 06,II,Entisoles,Aquents,Psammaquents,Typic Psammaquents,INIA,196 VEN 1962 TA 06,196,484,-72.10067917880,8.32487358064
182,182,14,14 VEN 1959 GU 7,,,,,,INIA,14 VEN 1959 GU 7,14,485,-67.42112718350,8.93511303825
203,203,125,125 VEN 1961 GU 17,III,Inceptisoles,Tropepts,Dystropepts,Ustic Dystropepts,INIA,125 VEN 1961 GU 17,125,486,-67.01705655220,8.65369417771
320,320,448,448 VEN 1965 MO 12,IV,Ultisoles,Ustults,Plinthustults,Typic Plinthustults,INIA,448 VEN 1965 MO 12,448,487,-62.07950779810,8.81012840092
341,341,151,151 VEN 1961 PO 46,IV,Vertisoles,Usterts,Haplusterts,Entic Haplusterts,INIA,151 VEN 1961 PO 46,151,488,-69.75719123320,9.00620614168
397,397,117,117 VEN 1961 PO 34,III,Alfisoles,Ustalfs,Haplustalfs,Ultic Haplustalfs,INIA,117 VEN 1961 PO 34,117,489,-69.36587853720,9.42756786039
418,418,46,46 VEN 1960 PO 1,IV,Oxisoles,Aquox,Plitnthaquox,Typic Plinthaquox,INIA,46 VEN 1960 PO 1,46,490,-69.09548105250,9.50069490487
26,26,239,239 VEN 1963 AP 1,III,Entisoles,Aquents,Fluvaquents,,INIA,239 VEN 1963 AP 1,239,491,-68.88667326930,7.80157124322
100,100,214,214 VEN 1962 BA 8,,,,,,INIA,214 VEN 1962 BA 8,214,492,-70.07400928980,8.52731216595
130,130,392,392 VEN 1964 CA,,,,,,INIA,392 VEN 1964 CA,392,493,-68.25648229750,10.19165213400
154,154,63,63 VEN 1960 CO 2,,Mollisoles,Ustolls,,,INIA,63 VEN 1960 CO 2,63,494,-68.31251007960,8.95763403344
178,178,167,167 VEN 1962 GU 23,,,,,,INIA,167 VEN 1962 GU 23,167,495,-67.55545510000,9.29076695426
404,404,75,75 VEN 1960 PO 20,,,,,,INIA,75 VEN 1960 PO 20,75,496,-69.21031890040,9.56379989271
23,23,240,240 VEN 1963 AP 2,II,Entisoles,Aquents,Fluvaquents,Tropic Fluvaquents,INIA,240 VEN 1963 AP 2,240,497,-70.63267379660,7.31141549585
35,35,7,7 VEN 1959 AR 1,,Inceptisoles,Tropepts,Ustropepts,Fluventic Ustropepts,INIA,7 VEN 1959 AR 1,7,498,-67.48808177350,10.25188173250
62,62,225,225 VEN 1962 AR 22,,Inceptisoles,Tropepts,Dystropepts,Ustic Dystropepts,INIA,225 VEN 1962 AR 22,225,499,-67.64222310320,10.34365789520
68,68,398,398 VEN 1964 AR,,,,,,INIA,398 VEN 1964 AR,398,500,-66.71649495230,9.53610814094
77,77,212,212 VEN 1962 BA 6,,,,,,INIA,212 VEN 1962 BA 6,212,501,-70.12120062640,8.59217313894
139,139,205,205 VEN 1962 CA 6,,Alfisoles,Ustalfs,Paleustalfs,Ultic Paleustalfs,INIA,205 VEN 1962 CA 6,205,502,-68.06110897170,10.15124342650
174,174,87,87 VEN 1961 GU 16,,,,,,INIA,87 VEN 1961 GU 16,87,503,-67.39748758120,9.88465601864
209,209,200,200 VEN 1962 LA 10,,Aridisoles,Cambids,Haplocambids,Typic Haplocambids,INIA,200 VEN 1962 LA 10,200,504,-69.81442105700,9.89509915407
342,342,147,147 VEN 1960 PO 42,,,,,,INIA,147 VEN 1960 PO 42,147,505,-69.72383624270,9.00218144742
184,184,128,128 VEN 1961 GU 20,III,Vertisoles,Usterts,Haplusterts,Entic Haplusterts,INIA,128 VEN 1961 GU 20,128,506,-67.42763768050,8.92818390230
99,99,211,211 VEN 1962 BA 5,,,,,,INIA,211 VEN 1962 BA 5,211,507,-70.08699959360,8.54277653484
125,125,55,55 VEN 1960 CA 3,,Inceptisoles,Tropepts,Ustropepts,Fluventic Ustropepts,INIA,55 VEN 1960 CA 3,55,508,-67.89067498130,10.21052945040
327,327,67,67 VEN 1960 PO 13,II,Inceptisoles,Tropepts,Ustropepts,Fluventic Ustropepts,INIA,67 VEN 1960 PO 13,67,509,-69.80783346510,8.76726371413
345,345,153,153 VEN 1961 PO 48,,,,,,INIA,153 VEN 1961 PO 48,153,510,-69.69450555980,8.91591949662
460,460,134,134 VEN 1961 PO 40,,,,,,INIA,134 VEN 1961 PO 40,134,511,-68.88864230470,8.92228401094
66,66,397,397 VEN 1964 AR,,,,,,INIA,397 VEN 1964 AR,397,512,-66.98239750780,9.46068587292
118,118,299,299 VEN 1963 CA 16,,,,,,INIA,299 VEN 1963 CA 16,299,513,-67.74362478740,10.09012354340
258,258,291,291 VEN 1963  MI 40,,,,,,INIA,291 VEN 1963  MI 40,291,514,-66.79541204690,10.15972421200
80,80,178,178 VEN 1962 BA 4,,,,,,INIA,178 VEN 1962 BA 4,178,515,-70.05014450890,8.46698409044
98,98,231,231 VEN 1963 BA 11,,,,,,INIA,231 VEN 1963 BA 11,231,516,-70.10060858000,8.55824064223
134,134,396,396 VEN 1964 CA,,,,,,INIA,396 VEN 1964 CA,396,517,-68.24020269750,10.22445354200
275,275,216,216 VEN 1962 MI 15,,,,,,INIA,216 VEN 1962 MI 15,216,518,-66.38905158930,10.22461818270
291,291,287,287 VEN 1963 MI 36,,,,,,INIA,287 VEN 1963 MI 36,287,519,-66.66386177000,10.29083087090
155,155,277,277 VEN 1963 CO 15,,,,,,INIA,277 VEN 1963 CO 15,277,520,-68.63164666060,9.65392996360
280,280,221,221 VEN 1962 MI 20,,,,,,INIA,221 VEN 1962 MI 20,221,521,-65.95275209950,10.28593616270
288,288,248,248 VEN 1963 MI 31,,,,,,INIA,248 VEN 1963 MI 31,248,522,-66.33856324990,10.24132031430
423,423,48,48 VEN 1960 PO 3,IV,Vertisoles,Usterts,Haplusterts,Typic Haplusters,INIA,48 VEN 1960 PO 3,48,523,-69.06982021920,9.48687823175
440,440,221,221 VEN 1962 PO 561,,,,,,INIA,221 VEN 1962 PO 561,221,524,-69.30268674840,9.56774478414
120,120,282,282 VEN 1963 CA 12,,Inceptisoles,Aquepts,Tropaquepts,Typic Tropaquepts,INIA,282 VEN 1963 CA 12,282,525,-67.79228605200,10.11143424390
145,145,124,124 VEN 1961 CO 8,,Ultisoles,Ustults,,,INIA,124 VEN 1961 CO 8,124,526,-68.14548188610,9.17041021786
160,160,142,142 VEN 1961 NE 5,,,,,,INIA,142 VEN 1961 NE 5,142,527,-63.89896336050,11.04496487550
277,277,217,217 VEN 1962 MI 16,,,,,,INIA,217 VEN 1962 MI 16,217,528,-66.30207635660,10.20370787190
366,366,109,109 VEN 1961 PO 26,,,,,,INIA,109 VEN 1961 PO 26,109,529,-69.55822570300,8.72302803533
426,426,137,137 VEN 1961 PO 41,,,,,,INIA,137 VEN 1961 PO 41,137,530,-68.93283166920,9.47937950136
459,459,133,133 VEN 1961 PO 39,,,,,,INIA,133 VEN 1961 PO 39,133,531,-68.76764800300,8.92566565781
289,289,110,110 VEN 1961 MI 2,,,,,,INIA,110 VEN 1961 MI 2,110,532,-66.13450803150,10.46472458540
444,444,110,110 VEN 1961 PO 27,,,,,,INIA,110 VEN 1961 PO 27,110,533,-69.54703850590,9.10508143314
448,448,152,152 VEN 1961 PO 47,,,,,,INIA,152 VEN 1961 PO 47,152,534,-69.73799046730,8.90838104074
468,468,266,266 VEN 1963 SU 1,I,Inceptisoles,Tropepts,Ustropepts,Vertic Ustropepts,INIA,266 VEN 1963 SU 1,266,535,-63.29779895330,10.31916455000
340,340,115,115 VEN 1961 PO 32,II,Inceptisoles,Tropepts,Ustropepts,Fluventic Ustropepts,INIA,115 VEN 1961 PO 32,115,536,-69.79284694530,9.03150967290
530,530,437,437 VEN 1965 TR 13,,Inceptisoles,Ochrepts,,,INIA,437 VEN 1965 TR 13,437,537,-70.45861515860,9.59948460730
133,133,395,395 VEN 1964 CA,,,,,,INIA,395 VEN 1964 CA,395,538,-68.24369983670,10.21926839090
176,176,171,171 VEN 1962 GU 27,IV,Vertisoles,Usterts,Haplusterts,Typic Haplusters,INIA,171 VEN 1962 GU 27,171,539,-67.57488598170,9.32878219977
282,282,222,222 VEN 1962 MI 21,,,,,,INIA,222 VEN 1962 MI 21,222,540,-65.96463325160,10.24933975800
473,473,271,271 VEN 1963 SU 6,III,Inceptisoles,Tropepts,Ustropepts,Fluventic Ustropepts,INIA,271 VEN 1963 SU 6,271,541,-63.26956390530,10.31812678340
259,259,292,292  VEN 1963  MI 41,,,,,,INIA,292  VEN 1963  MI 41,292,542,-66.83036376310,10.11771925750
287,287,246,246 VEN 1963 MI 29,,,,,,INIA,246 VEN 1963 MI 29,246,543,-66.35259716100,10.24776797450
307,307,444,444 VEN 1965 MO 8,II,Ultisoles,Ustults,Plinthustults,Typic Plinthustults,INIA,444 VEN 1965 MO 8,444,544,-62.16025100090,8.82831950676
159,159,140,140 VEN 1961 NE 3,,,,,,INIA,140 VEN 1961 NE 3,140,545,-63.99227787790,11.06337191210
450,450,68,68 VEN 1960 PO 44,IV,Vertisoles,Usterts,Haplusterts,Typic Haplusters,INIA,68 VEN 1960 PO 44,68,546,-69.65721704940,9.06114409086
39,39,245,245 VEN 1963 AR 29,,Inceptisoles,Tropepts,Ustropepts,Typic Ustropepts,INIA,245 VEN 1963 AR 29,245,547,-67.46440590490,10.22769885540
132,132,394,394 VEN 1964 CA,,,,,,INIA,394 VEN 1964 CA,394,548,-68.24478512980,10.21577089230
247,247,59,159 VEN 1962 ME 2,,,,,,INIA,159 VEN 1962 ME 2,59,549,-71.11257406740,9.04139209490
568,568,59,59 VEN 1960 YA 02,,,,,,INIA,59 VEN 1960 YA 02,59,550,-68.89157501300,10.13292408500
75,75,229,229 VEN 1963 BA 9,,,,,,INIA,229 VEN 1963 BA 9,229,551,-70.12289398310,8.70721305124
157,157,138,138 VEN 1961 NE 1,,,,,,INIA,138 VEN 1961 NE 1,138,552,-63.86467947090,10.94945364170
525,525,414,414 VEN 1965 TR 4,,,,,,INIA,414 VEN 1965 TR 4,414,553,-71.02470347790,9.58777446964
552,552,60,60 VEN 1960 YA 03,,,,,,INIA,60 VEN 1960 YA 03,60,554,-68.85082031410,10.23777868690
248,248,254,254 VEN 1963 ME 5,III,Inceptisoles,Tropepts,Dystropepts,Ustoxic Dystropepts,INIA,254 VEN 1963 ME 5,254,555,-71.11286999330,9.05026126720
257,257,283,283  VEN 1963  MI 32,,,,,,INIA,283  VEN 1963  MI 32,283,556,-66.68779639040,10.22533747230
264,264,106,106  VEN 2000 MI 7,,,,,,INIA,106  VEN 2000 MI 7,106,557,-66.12722710130,10.47687325490
429,429,118,118 VEN 1961 PO 35,,,,,,INIA,118 VEN 1961 PO 35,118,558,-69.08893183990,9.26020223748
472,472,270,270 VEN 1963 SU 5,III,Ultisoles,Ustults,Paleustults,Typic Paleustults,INIA,270 VEN 1963 SU 5,270,559,-63.27662243660,10.31729688320
52,52,226,226 VEN 1964 AR 32,,,,,,INIA,226 VEN 1964 AR 32,226,560,-67.56781710560,10.06155492210
67,67,45,45 VEN 1960 AR 5,,Vertisoles,Usterts,Haplusterts,Udic Haplusterts,INIA,45 VEN 1960 AR 5,45,561,-66.99702876720,9.44937949429
143,143,122,122 VEN 1961 CO 6,,Entisoles,Orthents,,,INIA,122 VEN 1961 CO 6,122,562,-68.15075649750,9.16513532259
285,285,226,226 VEN 1963 MI 23,,,,,,INIA,226 VEN 1963 MI 23,226,563,-65.66473506230,10.19896623950
69,69,327,327 VEN 1964 AR 33,,,,,,INIA,327 VEN 1964 AR 33,327,564,-67.59963265960,10.08630181120
269,269,108,108  VEN 1961  MI 9,,,,,,INIA,108  VEN 1961  MI 9,108,565,-66.11573984160,10.53026466770
273,273,218,218 VEN 1962 MI 17,,,,,,INIA,218 VEN 1962 MI 17,218,566,-66.36196129350,10.23982768020
531,531,436,436 VEN 1965 TR 12,,,,,,INIA,436 VEN 1965 TR 12,436,567,-70.46287774920,9.54086405287
45,45,98,98 VEN 1961 AR 12,,Entisoles,Psamments,Ustipsamments,Typic Ustipsamments,INIA,98 VEN 1961 AR 12,98,568,-67.47014039650,10.18002443990
51,51,235,235 VEN 1963 AR 25,,Entisoles,Fluvents,Ustifluvents,Typic Ustifluvents,INIA,235 VEN 1963 AR 25,235,569,-67.55670513060,10.06711099810
186,186,126,126 VEN 1961 GU 18,III,Alfisoles,Aqualfs,Endoaqualfs,Aeric Endoaqualfs,INIA,126 VEN 1961 GU 18,126,570,-67.43199623010,8.91846036792
558,558,62,62 VEN 1960 YA 05,,,,,,INIA,62 VEN 1960 YA 05,62,571,-68.75348535990,10.34982738580
149,149,202,202 VEN 1962 CO 9,,Ultisoles,Ustults,,,INIA,202 VEN 1962 CO 9,202,572,-68.29231971410,9.90735266528
185,185,15,15 VEN 1959 GU 8,,,,,,INIA,15 VEN 1959 GU 8,15,573,-67.42730230850,8.92248399538
194,194,15,15 VEN 1959 GU 8,,,,,,INIA,15 VEN 1959 GU 8,15,574,-67.31799825440,8.83732419062
256,256,285,285  VEN 1963  MI 34,,,,,,INIA,285  VEN 1963  MI 34,285,575,-66.64579427770,10.35349721280
462,462,458,458 VEN 1966 SU 19,III,Mollisoles,Ustolls,Haplustolls,Typic Haplustolls,INIA,458 VEN 1966 SU 19,458,576,-64.15536596340,10.42432608450
325,325,112,112 VEN 1961 PO 29,,,,,,INIA,112 VEN 1961 PO 29,112,577,-69.86392292160,8.76442992124
332,332,78,78 VEN 1960 PO 23,IV,Vertisoles,Usterts,OCHRAQUALFS,Typic Haplusters,INIA,78 VEN 1960 PO 23,78,578,-69.78460522550,8.82505277175
40,40,249,249 VEN 1963 AR 30,,Inceptisoles,Tropepts,Ustropepts,Fluventic Ustropepts,INIA,249 VEN 1963 AR 30,249,579,-67.46601885420,10.22196354990
49,49,236,236 VEN 1963 AR 26,,Mollisoles,Ustolls,Haplustolls,Pachic Haplustolls,INIA,236 VEN 1963 AR 26,236,580,-67.55204542730,10.07929901540
50,50,234,234 VEN 1963 AR 24,,Inceptisoles,Tropepts,Ustropepts,Vertic Ustropepts,INIA,234 VEN 1963 AR 24,234,581,-67.54917772540,10.07463882080
129,129,389,389 VEN 1964 CA,,,,,,INIA,389 VEN 1964 CA,389,582,-68.25961765390,10.18489923390
163,163,263,263 VEN 1963 NE 9,,,,,,INIA,263 VEN 1963 NE 9,263,583,-63.85761310210,11.05696550300
293,293,289,289 VEN 1963 MI 38,,,,,,INIA,289 VEN 1963 MI 38,289,584,-66.66998219400,10.27374412780
458,458,132,132 VEN 1961 PO 38,,,,,,INIA,132 VEN 1961 PO 38,132,585,-68.78420881620,8.93242485592
46,46,83,83 VEN 19601AR 10,,Mollisoles,Ustolls,Haplustolls,Fluventic Haplustolls,INIA,83 VEN 19601AR 10,83,586,-67.44271810080,10.14256694250
331,331,77,77 VEN 1960 PO 22,III,Inceptisoles,Tropepts,Ustropepts,Fluventic Ustropepts,INIA,77 VEN 1960 PO 22,77,587,-69.78063913330,8.81712078784
78,78,176,176 VEN 1962 BA 2,,,,,,INIA,176 VEN 1962 BA 2,176,588,-70.07805918870,8.50420247930
146,146,273,273 VEN 1963 CO 11,,Entisoles,Orthents,,,INIA,273 VEN 1963 CO 11,273,589,-68.73433701170,9.44875131577
218,218,385,385 VEN 1964 LA,,Aridisoles,Argids,,,INIA,385 VEN 1964 LA,385,590,-69.25016437620,10.55517095350
539,539,156,156 VEN 1961 YA 07,,,,,,INIA,156 VEN 1961 YA 07,156,591,-69.08885261000,10.05150112750
59,59,251,251 VEN 1963 AR 31,,Entisoles,Fluvents,Ustifluvents,Typic Ustifluvents,INIA,251 VEN 1963 AR 31,251,592,-67.62875468840,10.09202259400
217,217,384,384 VEN 1964 LA,,Aridisoles,Cambids,,,INIA,384 VEN 1964 LA,384,593,-69.25359352800,10.55794619770
328,328,64,64 VEN 1960 PO 10,II,Inceptisoles,Tropepts,Ustropepts,Typic Ustropepts,INIA,64 VEN 1960 PO 10,64,594,-69.78913715670,8.79049237911
281,281,220,220 VEN 1962 MI 19,,,,,,INIA,220 VEN 1962 MI 19,220,595,-66.01501180730,10.22795151770
318,318,446,446 VEN 1965 MO 10,IV,Ultisoles,Ustults,Paleustults,Typic Paleustults,INIA,446 VEN 1965 MO 10,446,596,-62.11648543470,8.77099950463
41,41,383,383 VEN 1964 AR 38,,Entisoles,Orthents,Ustorthents,Typic Ustorthents,INIA,383 VEN 1964 AR 38,383,597,-67.44899217890,10.21371959210
147,147,274,274 VEN 1963 CO 12,,,,,,INIA,274 VEN 1963 CO 12,274,598,-68.68604451680,9.35979527973
156,156,276,276 VEN 1963 CO 14,,Inceptisoles,Ochrepts,,,INIA,276 VEN 1963 CO 14,276,599,-68.62204749590,9.65808179210
294,294,189,189 VEN 1962 MO 3,II,Inceptisoles,Tropepts,Ustropepts,Fluventic Ustropepts,INIA,189 VEN 1962 MO 3,189,600,-63.15826597360,9.76180227707
512,512,194,194 VEN 1962 TA 04,III,Vertisoles,Usterts,Haplusterts,Typic Haplusters,INIA,194 VEN 1962 TA 04,194,601,-72.44138975890,7.88876717672
144,144,123,123 VEN 1961 CO 7,,Entisoles,Fluvents,,,INIA,123 VEN 1961 CO 7,123,602,-68.14770270390,9.16652350062
274,274,215,215 VEN 1962 MI 14,,,,,,INIA,215 VEN 1962 MI 14,215,603,-66.37146655000,10.22889615270
533,533,434,434 VEN 1965 TR 10,,,,,,INIA,434 VEN 1965 TR 10,434,604,-70.48348384270,9.53873306793
57,57,173,173 VEN 1962 AR 16,,Ultisoles,Ustults,Haplustults,,INIA,173 VEN 1962 AR 16,173,605,-67.57570381800,10.10779465660
153,153,119,119 VEN 1961 CO 3,,Entisoles,Fluvents,,,INIA,119 VEN 1961 CO 3,119,606,-68.09812497890,9.62328950797
220,220,387,387 VEN 1964 LA,,Entisoles,Orthents,,,INIA,387 VEN 1964 LA,387,607,-69.24967426680,10.53949420020
253,253,252,252 VEN 1963 ME 3,,,,,,INIA,252 VEN 1963 ME 3,252,608,-71.03343781040,9.07431082121
254,254,253,253  VEN 1963 ME 1,,,,,,INIA,253  VEN 1963 ME 1,253,609,-71.02902313650,9.06965078190
290,290,228,228 VEN 1963 MI 25,,,,,,INIA,228 VEN 1963 MI 25,228,610,-66.11800868720,10.45012175260
292,292,288,288 VEN 1963 MI 37,,,,,,INIA,288 VEN 1963 MI 37,288,611,-66.66845220480,10.28496567220
333,333,111,111 VEN 1961 PO 28,,,,,,INIA,111 VEN 1961 PO 28,111,612,-69.74381286040,8.83411773832
461,461,457,457 VEN 1966 SU 18,III,Inceptisoles,Tropepts,Ustropepts,Typic Ustropepts,INIA,457 VEN 1966 SU 18,457,613,-64.13539832820,10.42893378150
3,3,343,343 VEN 1964 AN 7,,,,,,INIA,343 VEN 1964 AN 7,343,614,-64.72070095880,10.11219192850
175,175,170,170 VEN 1962 GU 26,IV,Vertisoles,Usterts,Haplusterts,Entic Haplusterts,INIA,170 VEN 1962 GU 26,170,615,-67.55376707240,9.39298631644
571,571,39,39 VEN 1959 ZU 02,IV,Entisoles,Orthents,Ustorthents,Lithic Ustorthents,INIA,39 VEN 1959 ZU 02,39,616,-72.53196586170,10.07918586690
126,126,74,74 VEN 1960 CA 4,,Inceptisoles,Tropepts,Ustropepts,Fluventic Ustropepts,INIA,74 VEN 1960 CA 4,74,617,-67.77446437550,10.27572961120
221,221,388,388 VEN 1964 LA,,Entisoles,Orthents,,,INIA,388 VEN 1964 LA,388,618,-69.24967411450,10.53573900300
362,362,146,146 VEN 1961 PO 41,,,,,,INIA,146 VEN 1961 PO 41,146,619,-69.52812914970,8.81113117332
415,415,56,56 VEN 196075 PO 8,III,Vertisoles,Usterts,Haplusterts,Typic Haplusters,INIA,56 VEN 196075 PO 8,56,620,-69.10010985440,9.63918290789
451,451,79,79 VEN 1960 PO 24,,,,,,INIA,79 VEN 1960 PO 24,79,621,-69.86202954090,9.13617055168
326,326,130,130 VEN 1961 PO 36,,,,,,INIA,130 VEN 1961 PO 36,130,622,-69.84239340750,8.74913336192
6,6,346,346 VEN 1964 AN 10,,,,,,INIA,346 VEN 1964 AN 10,346,623,-64.55831650920,9.99445235626
76,76,230,230 VEN 1963 BA 10,,Entisoles,Orthents,Ustorthents,Typic Ustorthents,INIA,230 VEN 1963 BA 10,230,624,-70.11274302990,8.69790851775
181,181,129,129 VEN 1961 GU 21,IV,Ultisoles,Aquults,Paleaquults,Typic Paleaquults,INIA,129 VEN 1961 GU 21,129,625,-67.43886903030,9.01029923681
219,219,386,386 VEN 1964 LA,,Entisoles,Fluvents,,,INIA,386 VEN 1964 LA,386,626,-69.24722502980,10.55141460060
7,7,347,347 VEN 1964 AN 11,,,,,,INIA,347 VEN 1964 AN 11,347,627,-64.57384363260,10.01580035730
58,58,174,174 VEN 1962 AR 17,,Inceptisoles,Aquepts,Tropaquepts,Vertic Tropaquepts,INIA,174 VEN 1962 AR 17,174,628,-67.60832285110,10.09309873170
255,255,284,284  VEN 1963  MI 33,,,,,,INIA,284  VEN 1963  MI 33,284,629,-66.64794044820,10.34951110770
262,262,102,102  VEN 1963  MI 3,,,,,,INIA,102  VEN 1963  MI 3,102,630,-66.16885962710,10.46646387930
482,482,340,340 VEN 1976 SU 9,III,Entisoles,Aquents,Hydraquents,,INIA,340 VEN 1976 SU 9,340,631,-63.57079468340,10.47974320740
336,336,73,73 VEN 1960 PO 19,III,Inceptisoles,Tropepts,Ustropepts,Fluventic Ustropepts,INIA,73 VEN 1960 PO 19,73,632,-69.84632911350,8.95157242331
312,312,191,191 VEN 1962 MO 5,IV,Vertisoles,Usterts,Haplusterts,Entic Haplusterts,INIA,191 VEN 1962 MO 5,191,633,-63.62734528510,9.81103160280
511,511,195,195 VEN 1962 TA 05,VI,Mollisoles,Ustolls,Calciustolls,Typic Calciustolls,INIA,195 VEN 1962 TA 05,195,634,-72.28917760230,7.82932216364
64,64,53,53 VEN 1960 AR 6,,Entisoles,Fluvents,Ustifluvents,,INIA,53 VEN 1960 AR 6,53,635,-67.32832703410,10.23564048650
207,207,33,33 VEN 1959 LA 2,,Aridisoles,Argids,Haplargids,,INIA,33 VEN 1959 LA 2,33,636,-70.02519593400,10.08334889500
457,457,131,131 VEN 1961 PO 37,,,,,,INIA,131 VEN 1961 PO 37,131,637,-68.79907975230,8.94222532143
158,158,139,139 VEN 1961 NE 2,,,,,,INIA,139 VEN 1961 NE 2,139,638,-63.91948953140,11.11225191270
447,447,150,150 VEN 1961 PO 45,,,,,,INIA,150 VEN 1961 PO 45,150,639,-69.73427283790,8.91581593583
161,161,143,143 VEN 1961 NE 6,,Aridisoles,Argids,,,INIA,143 VEN 1961 NE 6,143,640,-63.81580566080,11.04263920320
260,260,290,290  VEN 1963  MI 39,,,,,,INIA,290  VEN 1963  MI 39,290,641,-66.83710898070,10.11495989370
441,441,57,57 VEN 1960 PO 9,III,Alfisoles,Ustalfs,Plinthustalfs,Typic Plinthustalfs,INIA,57 VEN 1960 PO 9,57,642,-69.20664904670,9.56912476777
469,469,267,267 VEN 1963 SU 2,III,Alfisoles,Ustalfs,Paleustalfs,Typic Paleustalfs,INIA,267 VEN 1963 SU 2,267,643,-63.29157074510,10.31854216260
137,137,298,298 VEN 1963 15,,,,,,INIA,298 VEN 1963 15,298,644,-67.77562181380,10.09523732100
48,48,181,181 VEN 1962 AR 19,,Mollisoles,Aquolls,Endoaquolls,Typic Endoaquolls,INIA,181 VEN 1962 AR 19,181,645,-67.55294166520,10.08575107120
21,21,336,336 VEN 1964 AN 4,,,,,,INIA,336 VEN 1964 AN 4,336,646,-64.78157940990,10.08050171180
569,569,162,162 VEN 1962 YA 10,,Entisoles,Orthents,Ustorthents,Typic Ustorthents,INIA,162 VEN 1962 YA 10,162,647,-69.12587765640,9.99025444916
162,162,262,262 VEN 1961 NE 8,,,,,,INIA,262 VEN 1961 NE 8,262,648,-63.95524603690,10.94551368800
61,61,99,99 VEN 1961 AR 13,,Inceptisoles,Tropepts,Ustropepts,Fluventic Ustropepts,INIA,99 VEN 1961 AR 13,99,649,-67.54326492120,10.18002348020
268,268,107,107  VEN 1961  MI 8,,,,,,INIA,107  VEN 1961  MI 8,107,650,-66.11730079710,10.50892542540
421,421,51,51 VEN 1960 PO 6,II,Mollisoles,Udolls,Hapludolls,Entic Hapludolls,INIA,51 VEN 1960 PO 6,51,651,-69.08798014080,9.48924743647
54,54,237,237 VEN 1963 AR 27,,Entisoles,Fluvents,Ustifluvents,Aquic Ustifluvents,INIA,237 VEN 1963 AR 27,237,652,-67.57355243990,10.06657370060
79,79,177,177 VEN 1962 BA 3,,,,,,INIA,177 VEN 1962 BA 3,177,653,-70.05860345570,8.46867597013
172,172,425,425 VEN 1965 FA,,,,,,INIA,425 VEN 1965 FA,425,654,-68.29861598350,10.95667621910
177,177,166,166 VEN 1962 GU 22,III,Mollisoles,Ustolls,Argiustolls,Udic Arqiustolls,INIA,166 VEN 1962 GU 22,166,655,-67.55545521470,9.29837004051
222,222,34,34 VEN 1959 LA 3,VI,Mollisoles,Ustolls,Haplustolls,Aridic Haplustolls,INIA,34 VEN 1959 LA 3,34,656,-70.03654854040,10.25703568450
319,319,447,447 VEN 1965 MO 11,III,Ultisoles,Ustults,Paleustults,Typic Paleustults,INIA,447 VEN 1965 MO 11,447,657,-62.10573625450,8.79765834232
216,216,154,154 VEN 1961 LA 5,,Mollisoles,Ustolls,,,INIA,154 VEN 1961 LA 5,154,658,-69.23965142820,10.23951021230
427,427,49,49 VEN 1960 PO 4,II,Mollisoles,Udolls,Vremudolls,Haplic Vermudolls,INIA,49 VEN 1960 PO 4,49,659,-69.10706239240,9.41630596008
286,286,244,244 VEN 1963 MI 28,,,,,,INIA,244 VEN 1963 MI 28,244,660,-66.35563178900,10.26407742450
526,526,415,415  VEN 1965 TR 5,,,,,,INIA,415  VEN 1965 TR 5,415,661,-71.02731398860,9.58690468638
527,527,416,416 VEN 1965 TR 6,,,,,,INIA,416 VEN 1965 TR 6,416,662,-71.02861911510,9.58835511227
538,538,161,161 VEN 1962 YA 09,,,,,,INIA,161 VEN 1962 YA 09,161,663,-69.09694017770,10.03667417830
119,119,281,281 VEN 1963 CA 11,,Inceptisoles,Aquepts,Tropaquepts,Typic Tropaquepts,INIA,281 VEN 1963 CA 11,281,664,-67.78660298250,10.10894813300
330,330,65,65 VEN 1960 PO 11,I,Inceptisoles,Tropepts,Ustropepts,Fluventic Ustropepts,INIA,65 VEN 1960 PO 11,65,665,-69.78120541350,8.79899114469
213,213,280,280 VEN 1963 LA 13,,Entisoles,Fluvents,,,INIA,280 VEN 1963 LA 13,280,666,-69.49020586040,10.25991798150
164,164,261,261 VEN 1963 NE 7,,,,,,INIA,261 VEN 1963 NE 7,261,667,-63.99683646510,10.95490880620
488,488,465,465 VEN 1966 SU 26,III,Entisoles,Fluvents,Ustifluvents,Typic Ustifluvents,INIA,465 VEN 1966 SU 26,465,668,-62.48431226170,10.55393125890
471,471,269,269 VEN 1963 SU 4,IV,Inceptisoles,Aquepts,Tropaquepts,Vertic Tropaquepts,INIA,269 VEN 1963 SU 4,269,669,-63.28119008120,10.31688087730
8,8,348,348 VEN 1964 AN 12,,,,,,INIA,348 VEN 1964 AN 12,348,670,-64.62689432090,10.10637107730
141,141,250,250 VEN 1963 CA 10,,Ultisoles,Ustults,Paleustults,Typic Paleustults,INIA,250 VEN 1963 CA 10,250,671,-68.03730374370,10.16017145020
261,261,100,100  VEN 1961  MI 1,,,,,,INIA,100  VEN 1961  MI 1,100,672,-66.24106665020,10.46906509950
313,313,192,192 VEN 1962 MO 6,III,Ultisoles,Ustults,Paleustults,Typic Paleustults,INIA,192 VEN 1962 MO 6,192,673,-63.57052264080,9.77932573480
470,470,268,268 VEN 1963 SU 3,IV,Inceptisoles,Aquepts,Tropaquepts,Aeric Tropaquepts,INIA,268 VEN 1963 SU 3,268,674,-63.28824872020,10.31522008450
38,38,382,382 VEN 1964 AR 38,,,,,,INIA,382 VEN 1964 AR 38,382,675,-67.50306602580,10.21388354980
22,22,349,349 VEN 1964 AN 13,,,,,,INIA,349 VEN 1964 AN 13,349,676,-64.63875141940,10.06816128680
442,442,76,76 VEN 1960 PO 21,III,Ultisoles,Ustults,Haplustults,Arenic Haplustults,INIA,76 VEN 1960 PO 21,76,677,-69.84328807770,8.95604014013
169,169,260,260 VEN 1963 FA 7,,,,,,INIA,260 VEN 1963 FA 7,260,678,-68.85365603530,11.04430543160
171,171,259,259 VEN 1963 FA 6,,,,,,INIA,259 VEN 1963 FA 6,259,679,-68.66146680770,10.95667075390
284,284,227,227 VEN 1963 MI 24,,,,,,INIA,227 VEN 1963 MI 24,227,680,-65.74648132550,10.15714109430
279,279,223,223 VEN 1962 MI 22,,,,,,INIA,223 VEN 1962 MI 22,223,681,-65.98364496800,10.29306406010
502,502,17,17 VEN 1959 TA 01,V,Ultisoles,Udults,Hapludults,Typic Hapludults,INIA,17 VEN 1959 TA 01,17,682,-72.38487909590,7.65922740860
4,4,344,344 VEN 1964 AN 8,,,,,,INIA,344 VEN 1964 AN 8,344,683,-64.65535824150,10.03067833080
42,42,81,81 VEN 1960 AR 8,,,,,,INIA,81 VEN 1960 AR 8,81,684,-67.45221786940,10.18952348140
196,196,22,22 VEN 1959 GU 10,III,Alfisoles,Udalfs,Hapludalfs,Ultic Hapludalfs,INIA,22 VEN 1959 GU 10,22,685,-67.30894565520,8.84201794452
405,405,50,50 VEN 1960 PO 5,III,Entisoles,Aquents,Endoaquents,Aeric Endoaquents,INIA,50 VEN 1960 PO 5,50,686,-69.19828803780,9.54661444034
529,529,418,418 VEN 1965 TR 8,,,,,,INIA,418 VEN 1965 TR 8,418,687,-71.03238983890,9.59009570796
317,317,445,445 VEN 1965 MO 9,III,Ultisoles,Ustults,Paleustults,Typic Paleustults,INIA,445 VEN 1965 MO 9,445,688,-62.15174293370,8.74778053166
127,127,450,450 VEN 1965 CA,,,,,,INIA,450 VEN 1965 CA,450,689,-68.19174509160,10.19779561640
321,321,455,455 VEN 1965 MO,,,,,,INIA,455 VEN 1965 MO,455,690,-62.07821845430,8.84151613996
278,278,242,242 VEN 1963 MI 26,,,,,,INIA,242 VEN 1963 MI 26,242,691,-65.97509047690,10.31635288080
537,537,160,160 VEN 1962 YA 08,,,,,,INIA,160 VEN 1962 YA 08,160,692,-69.09154662210,9.91760447385
483,483,341,341 VEN 1976 SU 9,IV,Entisoles,Fluvents,Ustifluvents,Aquic Ustifluvents,INIA,341 VEN 1976 SU 9,341,693,-63.57439484670,10.47817745680
167,167,35,35 VEN 1959 FA 1,,Mollisoles,Ustolls,Haplustolls,Typic Haplustolls,INIA,35 VEN 1959 FA 1,35,694,-69.68869516260,10.93027817230
249,249,104,1042 VEN 1992 ME 32,,,,,,INIA,1042 VEN 1992 ME 32,104,695,-71.78188112570,8.56955945528
263,263,104,104  VEN 1963  MI 5,,,,,,INIA,104  VEN 1963  MI 5,104,696,-66.14609200350,10.48142606700
170,170,258,258 VEN 1963 FA 5,,,,,,INIA,258 VEN 1963 FA 5,258,697,-68.83059232050,10.96435505200
210,210,164,164 VEN 1962 LA 9,,Aridisoles,Argids,,,INIA,164 VEN 1962 LA 9,164,698,-69.52650477030,10.26423273140
63,63,224,224 VEN 1962 AR 21,,,,,,INIA,224 VEN 1962 AR 21,224,699,-67.77349454260,10.45987250810
122,122,31,31 VEN 1959 CA 2,,Entisoles,Aquents,Hydraquents,Typic Hydraquents,INIA,31 VEN 1959 CA 2,31,700,-67.93080945520,10.08727908050
166,166,36,36 VEN 1959 FA 2,,Aridisoles,,,,INIA,36 VEN 1959 FA 2,36,701,-69.78468913190,11.37637925630
528,528,417,417 VEN 1965 TR 7,,,,,,INIA,417 VEN 1965 TR 7,417,702,-71.03137459470,9.58835523546
487,487,464,464 VEN 1966 SU 25,IV,Inceptisoles,Tropepts,Ustropepts,Vertic Ustropepts,INIA,464 VEN 1966 SU 25,464,703,-62.50014960140,10.55399661990
5,5,345,345 VEN 1964 AN 9,,,,,,INIA,345 VEN 1964 AN 9,345,704,-64.59131007620,9.96339825114
56,56,172,172 VEN 1961 AR 15,,Inceptisoles,Tropepts,Ustropepts,Fluventic Ustropepts,INIA,172 VEN 1961 AR 15,172,705,-67.58376869560,10.08754202140
135,135,451,451 VEN 1964 CA,,,,,,INIA,451 VEN 1964 CA,451,706,-68.18497060270,10.20769214460
47,47,187,187 VEN 1962 AR 20,,Entisoles,Aquents,Fluvaquents,Tropic Fluvaquents,INIA,187 VEN 1962 AR 20,187,707,-67.46404428840,10.02983348140
173,173,424,424 VEN 1965 FA,,,,,,INIA,424 VEN 1965 FA,424,708,-68.33819813810,10.77761595020
165,165,141,141 VEN 1961 NE 4,,,,,,INIA,141 VEN 1961 NE 4,141,709,-63.91035246590,11.05655754140
481,481,339,339 VEN 1976 SU 8,IV,Entisoles,Fluvents,Ustifluvents,Aquic Ustifluvents,INIA,339 VEN 1976 SU 8,339,710,-63.56688098250,10.47974358020
44,44,97,97 VEN 1961 AR 11,,,,,,INIA,97 VEN 1961 AR 11,97,711,-67.47623404660,10.17626114360
267,267,105,105 VEN 1961  MI 6,,,,,,INIA,105 VEN 1961  MI 6,105,712,-66.10897238440,10.44543092890
215,215,157,157 VEN 1962 LA 06,,Aridisoles,Argids,,,INIA,157 VEN 1962 LA 06,157,713,-69.33752479990,10.20266972790
463,463,350,350 VEN 1964 SU 11,VII,Aridisoles,Cambids,Haplocambids,Typic Haplocambids,INIA,350 VEN 1964 SU 11,350,714,-64.19515160540,10.43986768530
214,214,158,158 VEN 1962 LA 7,,Mollisoles,Ustolls,,,INIA,158 VEN 1962 LA 7,158,715,-69.34247274970,10.15263292590
168,168,37,37 VEN 1959 FA 3,,Aridisoles,Argids,Haplargids,Typic Haplargids,INIA,37 VEN 1959 FA 3,37,716,-70.64306187230,11.05378933950
211,211,278,278 VEN 1963 LA 11,,Aridisoles,Argids,,,INIA,278 VEN 1963 LA 11,278,717,-69.48766717340,10.26359519150
208,208,32,32 VEN 1959 LA 1,,Aridisoles,Cambids,Haplocambids,Typic Haplocambids,INIA,32 VEN 1959 LA 1,32,718,-70.08013970890,10.01129064020
1,1,337,337 VEN 1964 AN 5,,,,,,INIA,337 VEN 1964 AN 5,337,719,-64.73363851490,10.05332041680
212,212,279,279 VEN 1963 LA 12,,,,,,INIA,279 VEN 1963 LA 12,279,720,-69.48854263470,10.26166951620
43,43,82,82 VEN 1960 AR 9,,Entisoles,Orthents,Ustorthents,Typic Ustorthents,INIA,82 VEN 1960 AR 9,82,721,-67.44970854780,10.18020458250
265,265,135,135  VEN 1961  MI 10,,,,,,INIA,135  VEN 1961  MI 10,135,722,-66.10771170790,10.47297019580
266,266,136,136  VEN 1963  MI  1,,,,,,INIA,136  VEN 1963  MI  1,136,723,-66.10917060730,10.46719193900
485,485,462,462 VEN 1966 SU 23,V,Aridisoles,Cambids,Haplocambids,Typic Haplocambids,INIA,462 VEN 1966 SU 23,462,724,-62.52525040170,10.54920729710
2,2,342,342 VEN 1964 AN 6,,,,,,INIA,342 VEN 1964 AN 6,342,725,-64.69676371300,10.09860598170
484,484,461,461 VEN 1966 SU 22,III,Inceptisoles,Tropepts,Ustropepts,Fluventic Ustropepts,INIA,461 VEN 1966 SU 22,461,726,-62.53282671800,10.55053300890
486,486,463,463 VEN 1966 SU 24,III,Entisoles,Fluvents,Ustifluvents,Typic Ustifluvents,INIA,463 VEN 1966 SU 24,463,727,-62.51308107030,10.54873895100
464,464,459,459 VEN 1966 SU 20,V,Aridisoles,Cambids,Haplocambids,Typic Haplocambids,INIA,459 VEN 1966 SU 20,459,728,-64.23472548370,10.40230866990
